"Μπόντο Γκλιμτ","Λάτσιο","Τελικό","Αποτέλεσμα",":","Μπόντο Γκλιμτ","3.40","|","Ισοπαλία","3.45","|","Λάτσιο","2.23","|"
"Μπόντο Γκλιμτ","Λάτσιο","Πρόκριση","Αγώνας",":","Μπόντο Γκλιμτ","4.15","|","Λάτσιο","1.25","|"
"Μπόντο Γκλιμτ","Λάτσιο","Διπλή","Ευκαιρία",":","Μπόντο Γκλιμτ ή Ισοπαλία","1.72","|","Μπόντο Γκλιμτ ή Λάτσιο","1.34","|","Λάτσιο ή Ισοπαλία","1.37","|"
"Μπόντο Γκλιμτ","Λάτσιο","Γκολ","Over/Under",":","Over 0.5","1.07","|","Under 0.5","9.00","|"
"Μπόντο Γκλιμτ","Λάτσιο","Γκολ","Over/Under",":","Over 1","1.08","|","Under 1","8.25","|"
"Μπόντο Γκλιμτ","Λάτσιο","Γκολ","Over/Under",":","Over 1.25","1.22","|","Under 1.25","4.45","|"
"Μπόντο Γκλιμτ","Λάτσιο","Γκολ","Over/Under",":","Over 1.5","1.36","|","Under 1.5","3.25","|"
"Μπόντο Γκλιμτ","Λάτσιο","Γκολ","Over/Under",":","Over 1.75","1.44","|","Under 1.75","2.90","|"
"Μπόντο Γκλιμτ","Λάτσιο","Γκολ","Over/Under",":","Over 2","1.56","|","Under 2","2.50","|"
"Μπόντο Γκλιμτ","Λάτσιο","Γκολ","Over/Under",":","Over 2.25","1.81","|","Under 2.25","2.05","|"
"Μπόντο Γκλιμτ","Λάτσιο","Γκολ","Over/Under",":","Over 2.5","2.06","|","Under 2.5","1.80","|"
"Μπόντο Γκλιμτ","Λάτσιο","Γκολ","Over/Under",":","Over 2.75","2.37","|","Under 2.75","1.62","|"
"Μπόντο Γκλιμτ","Λάτσιο","Γκολ","Over/Under",":","Over 3","2.92","|","Under 3","1.43","|"
"Μπόντο Γκλιμτ","Λάτσιο","Γκολ","Over/Under",":","Over 3.25","3.30","|","Under 3.25","1.35","|"
"Μπόντο Γκλιμτ","Λάτσιο","Γκολ","Over/Under",":","Over 3.5","3.60","|","Under 3.5","1.30","|"
"Μπόντο Γκλιμτ","Λάτσιο","Γκολ","Over/Under",":","Over 3.75","4.60","|","Under 3.75","1.21","|"
"Μπόντο Γκλιμτ","Λάτσιο","Γκολ","Over/Under",":","Over 4","6.30","|","Under 4","1.13","|"
"Μπόντο Γκλιμτ","Λάτσιο","Γκολ","Over/Under",":","Over 4.25","7.00","|","Under 4.25","1.11","|"
"Μπόντο Γκλιμτ","Λάτσιο","Γκολ","Over/Under",":","Over 4.5","7.20","|","Under 4.5","1.11","|"
"Μπόντο Γκλιμτ","Λάτσιο","Γκολ","Over/Under",":","Over 5.5","15.00","|","Under 5.5","1.02","|"
"Μπόντο Γκλιμτ","Λάτσιο","Γκολ","Over/Under",":","Over 6.5","28.00","|","Under 6.5","N/A","|"
"Μπόντο Γκλιμτ","Λάτσιο","Να","Σκοράρουν","Και","Οι","Δύο","Ομάδες",":","Ναι","1.83","|","Όχι","1.98","|"
"Μπόντο Γκλιμτ","Λάτσιο","Να","Σκοράρουν","Και","Οι","Δύο","Ομάδες","ή","Over","2.5",":","Ναι","1.65","|","Όχι (2-0, 1-0, 0-0, 0-1 ή 0-2)","2.19","|"
"Μπόντο Γκλιμτ","Λάτσιο","Τελικό","Αποτέλεσμα","1ο","Ημίχρονο",":","Μπόντο Γκλιμτ","3.85","|","Ισοπαλία","2.17","|","Λάτσιο","2.90","|"
"Μπόντο Γκλιμτ","Λάτσιο","Γκολ","Over/Under","1ο","Ημίχρονο",":","Over 0.5","1.45","|","Under 0.5","2.85","|"
"Μπόντο Γκλιμτ","Λάτσιο","Γκολ","Over/Under","1ο","Ημίχρονο",":","Over 0.75","1.62","|","Under 0.75","2.35","|"
"Μπόντο Γκλιμτ","Λάτσιο","Γκολ","Over/Under","1ο","Ημίχρονο",":","Over 1","2.02","|","Under 1","1.83","|"
"Μπόντο Γκλιμτ","Λάτσιο","Γκολ","Over/Under","1ο","Ημίχρονο",":","Over 1.25","2.55","|","Under 1.25","1.54","|"
"Μπόντο Γκλιμτ","Λάτσιο","Γκολ","Over/Under","1ο","Ημίχρονο",":","Over 1.5","3.00","|","Under 1.5","1.41","|"
"Μπόντο Γκλιμτ","Λάτσιο","Γκολ","Over/Under","1ο","Ημίχρονο",":","Over 1.75","4.05","|","Under 1.75","1.25","|"
"Μπόντο Γκλιμτ","Λάτσιο","Γκολ","Over/Under","1ο","Ημίχρονο",":","Over 2","6.80","|","Under 2","1.11","|"
"Μπόντο Γκλιμτ","Λάτσιο","Γκολ","Over/Under","1ο","Ημίχρονο",":","Over 2.5","7.70","|","Under 2.5","1.10","|"
"Μπόντο Γκλιμτ","Λάτσιο","Γκολ","Over/Under","1ο","Ημίχρονο",":","Over 3.5","20.00","|","Under 3.5","1.009","|"
"Μπόντο Γκλιμτ","Λάτσιο","Γκολ","Over/Under","1ο","Ημίχρονο",":","Over 4.5","49.00","|","Under 4.5","N/A","|"
"Μπόντο Γκλιμτ","Λάτσιο","Χάντικαπ",":","Μπόντο Γκλιμτ (-3)","49.00","|","Ισοπαλία (Λάτσιο +3)","22.00","|","Option 3","N/A","|"
"Μπόντο Γκλιμτ","Λάτσιο","Χάντικαπ",":","Μπόντο Γκλιμτ (-2)","18.00","|","Ισοπαλία (Λάτσιο +2)","9.25","|","Λάτσιο (+2)","1.09","|"
"Μπόντο Γκλιμτ","Λάτσιο","Χάντικαπ",":","Μπόντο Γκλιμτ (-1)","7.00","|","Ισοπαλία (Λάτσιο +1)","4.80","|","Λάτσιο (+1)","1.38","|"
"Μπόντο Γκλιμτ","Λάτσιο","Χάντικαπ",":","Μπόντο Γκλιμτ (+1)","1.71","|","Ισοπαλία (Λάτσιο -1)","3.90","|","Λάτσιο (-1)","4.25","|"
"Μπόντο Γκλιμτ","Λάτσιο","Χάντικαπ",":","Μπόντο Γκλιμτ (+2)","1.22","|","Ισοπαλία (Λάτσιο -2)","6.30","|","Λάτσιο (-2)","9.75","|"
"Μπόντο Γκλιμτ","Λάτσιο","Χάντικαπ",":","Μπόντο Γκλιμτ (+3)","1.04","|","Ισοπαλία (Λάτσιο -3)","12.50","|","Λάτσιο (-3)","24.00","|"
"Μπόντο Γκλιμτ","Λάτσιο","Ασιατικό","Χάντικαπ",":","-2","17.00","|","+2","1.02","|"
"Μπόντο Γκλιμτ","Λάτσιο","Ασιατικό","Χάντικαπ",":","-1.75","9.50","|","+1.75","1.07","|"
"Μπόντο Γκλιμτ","Λάτσιο","Ασιατικό","Χάντικαπ",":","-1.5","7.40","|","+1.5","1.10","|"
"Μπόντο Γκλιμτ","Λάτσιο","Ασιατικό","Χάντικαπ",":","-1.25","6.70","|","+1.25","1.12","|"
"Μπόντο Γκλιμτ","Λάτσιο","Ασιατικό","Χάντικαπ",":","-1","6.40","|","+1","1.13","|"
"Μπόντο Γκλιμτ","Λάτσιο","Ασιατικό","Χάντικαπ",":","-0.75","4.05","|","+0.75","1.25","|"
"Μπόντο Γκλιμτ","Λάτσιο","Ασιατικό","Χάντικαπ",":","-0.5","3.20","|","+0.5","1.36","|"
"Μπόντο Γκλιμτ","Λάτσιο","Ασιατικό","Χάντικαπ",":","-0.25","2.90","|","+0.25","1.43","|"
"Μπόντο Γκλιμτ","Λάτσιο","Ασιατικό","Χάντικαπ",":","0","2.40","|","0","1.60","|"
"Μπόντο Γκλιμτ","Λάτσιο","Ασιατικό","Χάντικαπ",":","+0.25","1.97","|","-0.25","1.87","|"
"Μπόντο Γκλιμτ","Λάτσιο","Ασιατικό","Χάντικαπ",":","+0.5","1.73","|","-0.5","2.17","|"
"Μπόντο Γκλιμτ","Λάτσιο","Ασιατικό","Χάντικαπ",":","+0.75","1.53","|","-0.75","2.57","|"
"Μπόντο Γκλιμτ","Λάτσιο","Ασιατικό","Χάντικαπ",":","+1","1.34","|","-1","3.35","|"
"Μπόντο Γκλιμτ","Λάτσιο","Ασιατικό","Χάντικαπ",":","+1.25","1.27","|","-1.25","3.85","|"
"Μπόντο Γκλιμτ","Λάτσιο","Ασιατικό","Χάντικαπ",":","+1.5","1.23","|","-1.5","4.30","|"
"Μπόντο Γκλιμτ","Λάτσιο","Ασιατικό","Χάντικαπ",":","+1.75","1.15","|","-1.75","5.70","|"
"Μπόντο Γκλιμτ","Λάτσιο","Ασιατικό","Χάντικαπ",":","+2","1.08","|","-2","8.75","|"
"Μπόντο Γκλιμτ","Λάτσιο","Ασιατικό","Χάντικαπ",":","+2.5","1.06","|","-2.5","9.75","|"
"Μπόντο Γκλιμτ","Λάτσιο","Ασιατικό","Χάντικαπ","1ο","Ημίχρονο",":","-2","50.00","|","Λάτσιο","N/A","|"
"Μπόντο Γκλιμτ","Λάτσιο","Ασιατικό","Χάντικαπ","1ο","Ημίχρονο",":","-1.75","21.00","|","+1.75","1.008","|"
"Μπόντο Γκλιμτ","Λάτσιο","Ασιατικό","Χάντικαπ","1ο","Ημίχρονο",":","-1.5","14.00","|","+1.5","1.03","|"
"Μπόντο Γκλιμτ","Λάτσιο","Ασιατικό","Χάντικαπ","1ο","Ημίχρονο",":","-1.25","12.50","|","+1.25","1.04","|"
"Μπόντο Γκλιμτ","Λάτσιο","Ασιατικό","Χάντικαπ","1ο","Ημίχρονο",":","-1","11.50","|","+1","1.04","|"
"Μπόντο Γκλιμτ","Λάτσιο","Ασιατικό","Χάντικαπ","1ο","Ημίχρονο",":","-0.75","5.30","|","+0.75","1.17","|"
"Μπόντο Γκλιμτ","Λάτσιο","Ασιατικό","Χάντικαπ","1ο","Ημίχρονο",":","-0.5","3.80","|","+0.5","1.28","|"
"Μπόντο Γκλιμτ","Λάτσιο","Ασιατικό","Χάντικαπ","1ο","Ημίχρονο",":","-0.25","3.15","|","+0.25","1.38","|"
"Μπόντο Γκλιμτ","Λάτσιο","Ασιατικό","Χάντικαπ","1ο","Ημίχρονο",":","0","2.33","|","0","1.63","|"
"Μπόντο Γκλιμτ","Λάτσιο","Ασιατικό","Χάντικαπ","1ο","Ημίχρονο",":","+0.25","1.68","|","-0.25","2.25","|"
"Μπόντο Γκλιμτ","Λάτσιο","Ασιατικό","Χάντικαπ","1ο","Ημίχρονο",":","+0.5","1.46","|","-0.5","2.77","|"
"Μπόντο Γκλιμτ","Λάτσιο","Ασιατικό","Χάντικαπ","1ο","Ημίχρονο",":","+0.75","1.28","|","-0.75","3.85","|"
"Μπόντο Γκλιμτ","Λάτσιο","Ασιατικό","Χάντικαπ","1ο","Ημίχρονο",":","+1","1.13","|","-1","6.40","|"
"Μπόντο Γκλιμτ","Λάτσιο","Ασιατικό","Χάντικαπ","1ο","Ημίχρονο",":","+1.25","1.09","|","-1.25","8.00","|"
"Μπόντο Γκλιμτ","Λάτσιο","Ασιατικό","Χάντικαπ","1ο","Ημίχρονο",":","+1.5","1.09","|","-1.5","8.00","|"
"Μπόντο Γκλιμτ","Λάτσιο","Ασιατικό","Χάντικαπ","1ο","Ημίχρονο",":","+1.75","1.03","|","-1.75","13.00","|"
"Μπόντο Γκλιμτ","Λάτσιο","Ασιατικό","Χάντικαπ","1ο","Ημίχρονο",":","Μπόντο Γκλιμτ","N/A","|","-2","31.00","|"
"Μπόντο Γκλιμτ","Λάτσιο","Ισοπαλία","Όχι","Στοίχημα",":","Μπόντο Γκλιμτ","2.36","|","Λάτσιο","1.59","|"
"Μπόντο Γκλιμτ","Λάτσιο","Γηπεδούχος","Όχι","Στοίχημα",":","Λάτσιο","1.55","|","Ισοπαλία","2.44","|"
"Μπόντο Γκλιμτ","Λάτσιο","Φιλοξενούμενος","Όχι","Στοίχημα",":","Ισοπαλία","1.94","|","Μπόντο Γκλιμτ","1.86","|"
"Μπόντο Γκλιμτ","Λάτσιο","Ημίχρονο/Τελικό",":","Μπόντο Γκλιμτ / Μπόντο Γκλιμτ","5.30","|","Μπόντο Γκλιμτ / Ισοπαλία","15.00","|","Μπόντο Γκλιμτ / Λάτσιο","27.00","|"
"Μπόντο Γκλιμτ","Λάτσιο","Ημίχρονο/Τελικό",":","Ισοπαλία / Μπόντο Γκλιμτ","7.30","|","Ισοπαλία / Ισοπαλία","5.20","|","Ισοπαλία / Λάτσιο","5.60","|"
"Μπόντο Γκλιμτ","Λάτσιο","Ημίχρονο/Τελικό",":","Λάτσιο / Λάτσιο","3.50","|","Λάτσιο / Ισοπαλία","14.50","|","Λάτσιο / Μπόντο Γκλιμτ","33.00","|"
"Μπόντο Γκλιμτ","Λάτσιο","Ημίχρονο","Ή","Τελικό",":","Μπόντο Γκλιμτ","2.45","|","Ισοπαλία","1.68","|","Λάτσιο","1.76","|"
"Μπόντο Γκλιμτ","Λάτσιο","Να","Κερδίσει","και","τα","2","Ημίχρονα",":","Μπόντο Γκλιμτ","12.50","|","Λάτσιο","6.30","|"
"Μπόντο Γκλιμτ","Λάτσιο","Γκολ","Και","Στα","2","Ημίχρονα",":","Ναι","1.80","|","Όχι","1.87","|"
"Μπόντο Γκλιμτ","Λάτσιο","Να","Σκοράρει","και","Στα","2","Ημίχρονα",":","Μπόντο Γκλιμτ","4.90","|","Λάτσιο","3.40","|"
"Μπόντο Γκλιμτ","Λάτσιο","Να","Βρεθεί","Πίσω","στο","Σκορ","Και","να","Κερδίσει",":","Μπόντο Γκλιμτ","13.50","|","Λάτσιο","10.00","|"
"Μπόντο Γκλιμτ","Λάτσιο","Σύνολο","Γκολ",":","0","9.00","|","1","4.10","|","2","3.40","|","3","4.00","|","4","6.10","|","5","11.00","|","6","23.00","|","7","48.00","|"
"Μπόντο Γκλιμτ","Λάτσιο","Σύνολο","Γκολ",":","0-2","1.69","|","0-4","1.08","|","0-1","3.00","|","0-3","1.25","|","0-5","1.02","|","1-5","1.10","|","1-2","1.97","|","1-3","1.39","|","1-4","1.18","|","2-6","1.36","|","2-4","1.55","|","2-3","1.95","|","2-5","1.41","|","3-4","2.60","|","3-6","2.09","|","3-5","2.22","|","4-6","3.85","|","4-5","4.30","|"
"Μπόντο Γκλιμτ","Λάτσιο","Σύνολο","Γκολ",":","1","1.06","|","2","1.34","|","3","2.04","|","4","3.65","|","5","7.50","|","6","17.00","|","7","38.00","|"
"Μπόντο Γκλιμτ","Λάτσιο","Ακριβές","Σκορ",":","1:0","9.25","|","2:0","15.00","|","2:1","10.50","|","3:0","33.00","|","3:1","25.00","|","3:2","33.00","|","4:0","95.00","|","4:1","70.00","|","4:2","80.00","|","4:3","125.00","|","5:0","175.00","|","5:1","125.00","|","5:2","125.00","|","5:3","175.00","|","5:4","175.00","|","6:0","175.00","|","6:1","125.00","|","6:2","150.00","|","6:3","200.00","|","7:0","125.00","|","7:1","125.00","|","8:0","125.00","|","9:0","125.00","|"
"Μπόντο Γκλιμτ","Λάτσιο","Ακριβές","Σκορ",":","0:0","9.00","|","1:1","5.90","|","2:2","13.00","|","3:3","50.00","|","4:4","150.00","|"
"Μπόντο Γκλιμτ","Λάτσιο","Ακριβές","Σκορ",":","0:1","7.10","|","0:2","9.75","|","1:2","8.75","|","0:3","18.50","|","1:3","16.00","|","2:3","25.00","|","0:4","45.00","|","1:4","40.00","|","2:4","60.00","|","3:4","100.00","|","0:5","100.00","|","1:5","95.00","|","2:5","125.00","|","3:5","150.00","|","4:5","150.00","|","0:6","125.00","|","1:6","125.00","|","2:6","125.00","|","3:6","175.00","|","0:7","125.00","|","1:7","125.00","|","2:7","175.00","|","0:8","125.00","|","0:9","125.00","|","0:10","125.00","|"
"Μπόντο Γκλιμτ","Λάτσιο","Αποτέλεσμα","και","Over/Under","1.5",":","Over None","4.15","|","Under None","8.75","|"
"Μπόντο Γκλιμτ","Λάτσιο","Αποτέλεσμα","και","Over/Under","1.5",":","Over None","4.65","|","Under None","9.50","|"
"Μπόντο Γκλιμτ","Λάτσιο","Αποτέλεσμα","και","Over/Under","1.5",":","Over None","2.75","|","Under None","7.00","|"
"Μπόντο Γκλιμτ","Λάτσιο","Αποτέλεσμα","και","Over/Under","2.5",":","Over None","5.40","|","Under None","5.90","|"
"Μπόντο Γκλιμτ","Λάτσιο","Αποτέλεσμα","και","Over/Under","2.5",":","Over None","13.50","|","Under None","4.10","|"
"Μπόντο Γκλιμτ","Λάτσιο","Αποτέλεσμα","και","Over/Under","2.5",":","Over None","3.60","|","Under None","4.35","|"
"Μπόντο Γκλιμτ","Λάτσιο","Αποτέλεσμα","και","Over/Under","3.5",":","Over None","11.00","|","Under None","3.75","|"
"Μπόντο Γκλιμτ","Λάτσιο","Αποτέλεσμα","και","Over/Under","3.5",":","Over None","13.00","|","Under None","4.05","|"
"Μπόντο Γκλιμτ","Λάτσιο","Αποτέλεσμα","και","Over/Under","3.5",":","Over None","7.10","|","Under None","2.72","|"
"Μπόντο Γκλιμτ","Λάτσιο","Αποτέλεσμα","και","Over/Under","4.5",":","Over None","19.00","|","Under None","3.30","|"
"Μπόντο Γκλιμτ","Λάτσιο","Αποτέλεσμα","και","Over/Under","4.5",":","Over None","55.00","|","Under None","3.35","|"
"Μπόντο Γκλιμτ","Λάτσιο","Αποτέλεσμα","και","Over/Under","4.5",":","Over None","12.50","|","Under None","2.34","|"
"Μπόντο Γκλιμτ","Λάτσιο","Αποτέλεσμα","και","Over/Under","5.5",":","Over None","50.00","|","Under None","3.05","|"
"Μπόντο Γκλιμτ","Λάτσιο","Αποτέλεσμα","και","Over/Under","5.5",":","Over None","55.00","|","Under None","3.35","|"
"Μπόντο Γκλιμτ","Λάτσιο","Αποτέλεσμα","και","Over/Under","5.5",":","Over None","32.00","|","Under None","2.14","|"
"Μπόντο Γκλιμτ","Λάτσιο","Αποτέλεσμα","Και","Να","Σκοράρουν","Και","Οι","Δύο","Ομάδες","(6πλής","Επιλογής)",":","1 Και Ναι","6.00","|","1 Και Όχι","5.50","|"
"Μπόντο Γκλιμτ","Λάτσιο","Αποτέλεσμα","Και","Να","Σκοράρουν","Και","Οι","Δύο","Ομάδες","(6πλής","Επιλογής)",":","Ισοπαλία Και Ναι","4.50","|","Ισοπαλία Και Όχι","8.75","|"
"Μπόντο Γκλιμτ","Λάτσιο","Αποτέλεσμα","Και","Να","Σκοράρουν","Και","Οι","Δύο","Ομάδες","(6πλής","Επιλογής)",":","2 Και Ναι","4.35","|","2 Και Όχι","3.50","|"
"Μπόντο Γκλιμτ","Λάτσιο","Να","Σκοράρουν","Και","Οι","Δύο","Ομάδες","και","Over/Under","2.5",":","Όχι και Under 2.5","2.25","|","Ναι και Over 2.5","2.35","|","Ναι και Under 2.5","6.20","|","Όχι και Over 2.5","10.00","|"
"Μπόντο Γκλιμτ","Λάτσιο","Να","Σκοράρουν","Και","Οι","Δύο","Ομάδες","και","Over/Under","3.5",":","Όχι και Under 3.5","1.97","|","Ναι και Under 3.5","3.10","|","Ναι και Over 3.5","3.75","|","Όχι και Over 3.5","28.00","|"
"Μπόντο Γκλιμτ","Λάτσιο","Να","Σκοράρουν","Και","Οι","Δύο","Ομάδες","και","Over/Under","4.5",":","Όχι και Under 4.5","1.90","|","Ναι και Under 4.5","2.23","|","Ναι και Over 4.5","7.00","|","Όχι και Over 4.5","46.00","|"
"Μπόντο Γκλιμτ","Λάτσιο","Να","Σκοράρουν","Και","Οι","Δύο","Ομάδες","και","Over/Under","5.5",":","Όχι και Under 5.5","1.88","|","Ναι και Under 5.5","1.88","|","Ναι και Over 5.5","13.50","|","Όχι και Over 5.5","80.00","|"
"Λιόν","Μάντσεστερ Γιουνάιτεντ","Τελικό","Αποτέλεσμα",":","Λιόν","2.46","|","Ισοπαλία","3.35","|","Μάντσεστερ Γιουνάιτεντ","3.05","|"
"Λιόν","Μάντσεστερ Γιουνάιτεντ","Πρόκριση","Αγώνας",":","Λιόν","2.43","|","Μάντσεστερ Γιουνάιτεντ","1.59","|"
"Λιόν","Μάντσεστερ Γιουνάιτεντ","Διπλή","Ευκαιρία",":","Λιόν ή Ισοπαλία","1.42","|","Λιόν ή Μάντσεστερ Γιουνάιτεντ","1.37","|","Μάντσεστερ Γιουνάιτεντ ή Ισοπαλία","1.60","|"
"Λιόν","Μάντσεστερ Γιουνάιτεντ","Γκολ","Over/Under",":","Over 0.5","1.07","|","Under 0.5","9.00","|"
"Λιόν","Μάντσεστερ Γιουνάιτεντ","Γκολ","Over/Under",":","Over 1","1.09","|","Under 1","7.80","|"
"Λιόν","Μάντσεστερ Γιουνάιτεντ","Γκολ","Over/Under",":","Over 1.25","1.21","|","Under 1.25","4.55","|"
"Λιόν","Μάντσεστερ Γιουνάιτεντ","Γκολ","Over/Under",":","Over 1.5","1.34","|","Under 1.5","3.35","|"
"Λιόν","Μάντσεστερ Γιουνάιτεντ","Γκολ","Over/Under",":","Over 1.75","1.41","|","Under 1.75","2.97","|"
"Λιόν","Μάντσεστερ Γιουνάιτεντ","Γκολ","Over/Under",":","Over 2","1.53","|","Under 2","2.57","|"
"Λιόν","Μάντσεστερ Γιουνάιτεντ","Γκολ","Over/Under",":","Over 2.25","1.78","|","Under 2.25","2.08","|"
"Λιόν","Μάντσεστερ Γιουνάιτεντ","Γκολ","Over/Under",":","Over 2.5","2.06","|","Under 2.5","1.80","|"
"Λιόν","Μάντσεστερ Γιουνάιτεντ","Γκολ","Over/Under",":","Over 2.75","2.30","|","Under 2.75","1.65","|"
"Λιόν","Μάντσεστερ Γιουνάιτεντ","Γκολ","Over/Under",":","Over 3","2.85","|","Under 3","1.45","|"
"Λιόν","Μάντσεστερ Γιουνάιτεντ","Γκολ","Over/Under",":","Over 3.25","3.15","|","Under 3.25","1.37","|"
"Λιόν","Μάντσεστερ Γιουνάιτεντ","Γκολ","Over/Under",":","Over 3.5","3.50","|","Under 3.5","1.32","|"
"Λιόν","Μάντσεστερ Γιουνάιτεντ","Γκολ","Over/Under",":","Over 3.75","4.35","|","Under 3.75","1.23","|"
"Λιόν","Μάντσεστερ Γιουνάιτεντ","Γκολ","Over/Under",":","Over 4","6.00","|","Under 4","1.14","|"
"Λιόν","Μάντσεστερ Γιουνάιτεντ","Γκολ","Over/Under",":","Over 4.25","6.40","|","Under 4.25","1.13","|"
"Λιόν","Μάντσεστερ Γιουνάιτεντ","Γκολ","Over/Under",":","Over 4.5","7.00","|","Under 4.5","1.11","|"
"Λιόν","Μάντσεστερ Γιουνάιτεντ","Γκολ","Over/Under",":","Over 5.5","13.50","|","Under 5.5","1.03","|"
"Λιόν","Μάντσεστερ Γιουνάιτεντ","Γκολ","Over/Under",":","Over 6.5","27.00","|","Under 6.5","N/A","|"
"Λιόν","Μάντσεστερ Γιουνάιτεντ","Να","Σκοράρουν","Και","Οι","Δύο","Ομάδες",":","Ναι","1.78","|","Όχι","2.04","|"
"Λιόν","Μάντσεστερ Γιουνάιτεντ","Να","Σκοράρουν","Και","Οι","Δύο","Ομάδες","ή","Over","2.5",":","Ναι","1.64","|","Όχι (2-0, 1-0, 0-0, 0-1 ή 0-2)","2.21","|"
"Λιόν","Μάντσεστερ Γιουνάιτεντ","Τελικό","Αποτέλεσμα","1ο","Ημίχρονο",":","Λιόν","3.10","|","Ισοπαλία","2.12","|","Μάντσεστερ Γιουνάιτεντ","3.70","|"
"Λιόν","Μάντσεστερ Γιουνάιτεντ","Γκολ","Over/Under","1ο","Ημίχρονο",":","Over 0.5","1.45","|","Under 0.5","2.82","|"
"Λιόν","Μάντσεστερ Γιουνάιτεντ","Γκολ","Over/Under","1ο","Ημίχρονο",":","Over 0.75","1.61","|","Under 0.75","2.37","|"
"Λιόν","Μάντσεστερ Γιουνάιτεντ","Γκολ","Over/Under","1ο","Ημίχρονο",":","Over 1","1.97","|","Under 1","1.87","|"
"Λιόν","Μάντσεστερ Γιουνάιτεντ","Γκολ","Over/Under","1ο","Ημίχρονο",":","Over 1.25","2.48","|","Under 1.25","1.57","|"
"Λιόν","Μάντσεστερ Γιουνάιτεντ","Γκολ","Over/Under","1ο","Ημίχρονο",":","Over 1.5","3.00","|","Under 1.5","1.41","|"
"Λιόν","Μάντσεστερ Γιουνάιτεντ","Γκολ","Over/Under","1ο","Ημίχρονο",":","Over 1.75","3.95","|","Under 1.75","1.26","|"
"Λιόν","Μάντσεστερ Γιουνάιτεντ","Γκολ","Over/Under","1ο","Ημίχρονο",":","Over 2","6.50","|","Under 2","1.12","|"
"Λιόν","Μάντσεστερ Γιουνάιτεντ","Γκολ","Over/Under","1ο","Ημίχρονο",":","Over 2.5","7.70","|","Under 2.5","1.10","|"
"Λιόν","Μάντσεστερ Γιουνάιτεντ","Γκολ","Over/Under","1ο","Ημίχρονο",":","Over 3.5","20.00","|","Under 3.5","1.009","|"
"Λιόν","Μάντσεστερ Γιουνάιτεντ","Γκολ","Over/Under","1ο","Ημίχρονο",":","Over 4.5","49.00","|","Under 4.5","N/A","|"
"Λιόν","Μάντσεστερ Γιουνάιτεντ","Χάντικαπ",":","Λιόν (-3)","28.00","|","Ισοπαλία (Μάντσεστερ Γιουνάιτεντ +3)","14.00","|","Μάντσεστερ Γιουνάιτεντ (+3)","1.03","|"
"Λιόν","Μάντσεστερ Γιουνάιτεντ","Χάντικαπ",":","Λιόν (-2)","11.00","|","Ισοπαλία (Μάντσεστερ Γιουνάιτεντ +2)","6.80","|","Μάντσεστερ Γιουνάιτεντ (+2)","1.19","|"
"Λιόν","Μάντσεστερ Γιουνάιτεντ","Χάντικαπ",":","Λιόν (-1)","4.70","|","Ισοπαλία (Μάντσεστερ Γιουνάιτεντ +1)","4.05","|","Μάντσεστερ Γιουνάιτεντ (+1)","1.62","|"
"Λιόν","Μάντσεστερ Γιουνάιτεντ","Χάντικαπ",":","Λιόν (+1)","1.44","|","Ισοπαλία (Μάντσεστερ Γιουνάιτεντ -1)","4.50","|","Μάντσεστερ Γιουνάιτεντ (-1)","6.20","|"
"Λιόν","Μάντσεστερ Γιουνάιτεντ","Χάντικαπ",":","Λιόν (+2)","1.12","|","Ισοπαλία (Μάντσεστερ Γιουνάιτεντ -2)","8.25","|","Μάντσεστερ Γιουνάιτεντ (-2)","15.50","|"
"Λιόν","Μάντσεστερ Γιουνάιτεντ","Χάντικαπ",":","Λιόν (+3)","1.003","|","Ισοπαλία (Μάντσεστερ Γιουνάιτεντ -3)","19.00","|","Μάντσεστερ Γιουνάιτεντ (-3)","41.00","|"
"Λιόν","Μάντσεστερ Γιουνάιτεντ","Ασιατικό","Χάντικαπ",":","-2.5","11.00","|","+2.5","1.05","|"
"Λιόν","Μάντσεστερ Γιουνάιτεντ","Ασιατικό","Χάντικαπ",":","-2","10.00","|","+2","1.06","|"
"Λιόν","Μάντσεστερ Γιουνάιτεντ","Ασιατικό","Χάντικαπ",":","-1.75","6.40","|","+1.75","1.13","|"
"Λιόν","Μάντσεστερ Γιουνάιτεντ","Ασιατικό","Χάντικαπ",":","-1.5","4.85","|","+1.5","1.20","|"
"Λιόν","Μάντσεστερ Γιουνάιτεντ","Ασιατικό","Χάντικαπ",":","-1.25","4.35","|","+1.25","1.23","|"
"Λιόν","Μάντσεστερ Γιουνάιτεντ","Ασιατικό","Χάντικαπ",":","-1","3.90","|","+1","1.27","|"
"Λιόν","Μάντσεστερ Γιουνάιτεντ","Ασιατικό","Χάντικαπ",":","-0.75","2.85","|","+0.75","1.45","|"
"Λιόν","Μάντσεστερ Γιουνάιτεντ","Ασιατικό","Χάντικαπ",":","-0.5","2.39","|","+0.5","1.61","|"
"Λιόν","Μάντσεστερ Γιουνάιτεντ","Ασιατικό","Χάντικαπ",":","-0.25","2.07","|","+0.25","1.79","|"
"Λιόν","Μάντσεστερ Γιουνάιτεντ","Ασιατικό","Χάντικαπ",":","0","1.75","|","0","2.13","|"
"Λιόν","Μάντσεστερ Γιουνάιτεντ","Ασιατικό","Χάντικαπ",":","+0.25","1.54","|","-0.25","2.55","|"
"Λιόν","Μάντσεστερ Γιουνάιτεντ","Ασιατικό","Χάντικαπ",":","+0.5","1.42","|","-0.5","2.97","|"
"Λιόν","Μάντσεστερ Γιουνάιτεντ","Ασιατικό","Χάντικαπ",":","+0.75","1.30","|","-0.75","3.65","|"
"Λιόν","Μάντσεστερ Γιουνάιτεντ","Ασιατικό","Χάντικαπ",":","+1","1.16","|","-1","5.50","|"
"Λιόν","Μάντσεστερ Γιουνάιτεντ","Ασιατικό","Χάντικαπ",":","+1.25","1.14","|","-1.25","5.90","|"
"Λιόν","Μάντσεστερ Γιουνάιτεντ","Ασιατικό","Χάντικαπ",":","+1.5","1.13","|","-1.5","6.40","|"
"Λιόν","Μάντσεστερ Γιουνάιτεντ","Ασιατικό","Χάντικαπ",":","+1.75","1.08","|","-1.75","8.25","|"
"Λιόν","Μάντσεστερ Γιουνάιτεντ","Ασιατικό","Χάντικαπ",":","+2","1.03","|","-2","14.00","|"
"Λιόν","Μάντσεστερ Γιουνάιτεντ","Ασιατικό","Χάντικαπ","1ο","Ημίχρονο",":","-2","35.00","|","Μάντσεστερ Γιουνάιτεντ","N/A","|"
"Λιόν","Μάντσεστερ Γιουνάιτεντ","Ασιατικό","Χάντικαπ","1ο","Ημίχρονο",":","-1.75","14.50","|","+1.75","1.02","|"
"Λιόν","Μάντσεστερ Γιουνάιτεντ","Ασιατικό","Χάντικαπ","1ο","Ημίχρονο",":","-1.5","9.00","|","+1.5","1.07","|"
"Λιόν","Μάντσεστερ Γιουνάιτεντ","Ασιατικό","Χάντικαπ","1ο","Ημίχρονο",":","-1.25","8.75","|","+1.25","1.07","|"
"Λιόν","Μάντσεστερ Γιουνάιτεντ","Ασιατικό","Χάντικαπ","1ο","Ημίχρονο",":","-1","7.30","|","+1","1.10","|"
"Λιόν","Μάντσεστερ Γιουνάιτεντ","Ασιατικό","Χάντικαπ","1ο","Ημίχρονο",":","-0.75","4.15","|","+0.75","1.24","|"
"Λιόν","Μάντσεστερ Γιουνάιτεντ","Ασιατικό","Χάντικαπ","1ο","Ημίχρονο",":","-0.5","3.05","|","+0.5","1.40","|"
"Λιόν","Μάντσεστερ Γιουνάιτεντ","Ασιατικό","Χάντικαπ","1ο","Ημίχρονο",":","-0.25","2.43","|","+0.25","1.59","|"
"Λιόν","Μάντσεστερ Γιουνάιτεντ","Ασιατικό","Χάντικαπ","1ο","Ημίχρονο",":","0","1.79","|","0","2.07","|"
"Λιόν","Μάντσεστερ Γιουνάιτεντ","Ασιατικό","Χάντικαπ","1ο","Ημίχρονο",":","+0.25","1.44","|","-0.25","2.85","|"
"Λιόν","Μάντσεστερ Γιουνάιτεντ","Ασιατικό","Χάντικαπ","1ο","Ημίχρονο",":","+0.5","1.32","|","-0.5","3.50","|"
"Λιόν","Μάντσεστερ Γιουνάιτεντ","Ασιατικό","Χάντικαπ","1ο","Ημίχρονο",":","+0.75","1.18","|","-0.75","5.00","|"
"Λιόν","Μάντσεστερ Γιουνάιτεντ","Ασιατικό","Χάντικαπ","1ο","Ημίχρονο",":","+1","1.06","|","-1","10.00","|"
"Λιόν","Μάντσεστερ Γιουνάιτεντ","Ασιατικό","Χάντικαπ","1ο","Ημίχρονο",":","+1.25","1.05","|","-1.25","11.00","|"
"Λιόν","Μάντσεστερ Γιουνάιτεντ","Ασιατικό","Χάντικαπ","1ο","Ημίχρονο",":","+1.5","1.04","|","-1.5","12.00","|"
"Λιόν","Μάντσεστερ Γιουνάιτεντ","Ασιατικό","Χάντικαπ","1ο","Ημίχρονο",":","+1.75","1.01","|","-1.75","18.50","|"
"Λιόν","Μάντσεστερ Γιουνάιτεντ","Ασιατικό","Χάντικαπ","1ο","Ημίχρονο",":","Λιόν","N/A","|","-2","46.00","|"
"Λιόν","Μάντσεστερ Γιουνάιτεντ","Ισοπαλία","Όχι","Στοίχημα",":","Λιόν","1.72","|","Μάντσεστερ Γιουνάιτεντ","2.12","|"
"Λιόν","Μάντσεστερ Γιουνάιτεντ","Γηπεδούχος","Όχι","Στοίχημα",":","Ισοπαλία","2.02","|","Μάντσεστερ Γιουνάιτεντ","1.79","|"
"Λιόν","Μάντσεστερ Γιουνάιτεντ","Φιλοξενούμενος","Όχι","Στοίχημα",":","Λιόν","1.63","|","Ισοπαλία","2.27","|"
"Λιόν","Μάντσεστερ Γιουνάιτεντ","Ημίχρονο/Τελικό",":","Λιόν / Λιόν","3.85","|","Λιόν / Ισοπαλία","14.50","|","Λιόν / Μάντσεστερ Γιουνάιτεντ","32.00","|"
"Λιόν","Μάντσεστερ Γιουνάιτεντ","Ημίχρονο/Τελικό",":","Ισοπαλία / Λιόν","5.80","|","Ισοπαλία / Ισοπαλία","5.20","|","Ισοπαλία / Μάντσεστερ Γιουνάιτεντ","6.80","|"
"Λιόν","Μάντσεστερ Γιουνάιτεντ","Ημίχρονο/Τελικό",":","Μάντσεστερ Γιουνάιτεντ / Μάντσεστερ Γιουνάιτεντ","4.75","|","Μάντσεστερ Γιουνάιτεντ / Ισοπαλία","14.50","|","Μάντσεστερ Γιουνάιτεντ / Λιόν","28.00","|"
"Λιόν","Μάντσεστερ Γιουνάιτεντ","Ημίχρονο","Ή","Τελικό",":","Λιόν","1.91","|","Ισοπαλία","1.64","|","Μάντσεστερ Γιουνάιτεντ","2.26","|"
"Λιόν","Μάντσεστερ Γιουνάιτεντ","Να","Κερδίσει","και","τα","2","Ημίχρονα",":","Λιόν","7.80","|","Μάντσεστερ Γιουνάιτεντ","10.50","|"
"Λιόν","Μάντσεστερ Γιουνάιτεντ","Γκολ","Και","Στα","2","Ημίχρονα",":","Ναι","1.79","|","Όχι","1.90","|"
"Λιόν","Μάντσεστερ Γιουνάιτεντ","Να","Σκοράρει","και","Στα","2","Ημίχρονα",":","Λιόν","3.50","|","Μάντσεστερ Γιουνάιτεντ","4.30","|"
"Λιόν","Μάντσεστερ Γιουνάιτεντ","Να","Βρεθεί","Πίσω","στο","Σκορ","Και","να","Κερδίσει",":","Λιόν","11.00","|","Μάντσεστερ Γιουνάιτεντ","12.50","|"
"Λιόν","Μάντσεστερ Γιουνάιτεντ","Σύνολο","Γκολ",":","0","9.25","|","1","4.10","|","2","3.40","|","3","4.00","|","4","6.10","|","5","11.00","|","6","22.00","|","7","48.00","|"
"Λιόν","Μάντσεστερ Γιουνάιτεντ","Σύνολο","Γκολ",":","0-2","1.70","|","0-4","1.08","|","0-1","3.05","|","0-5","1.02","|","0-3","1.25","|","1-3","1.39","|","1-5","1.10","|","1-4","1.18","|","1-2","1.98","|","2-5","1.41","|","2-3","1.95","|","2-4","1.55","|","2-6","1.36","|","3-6","2.08","|","3-4","2.57","|","3-5","2.21","|","4-5","4.30","|","4-6","3.80","|"
"Λιόν","Μάντσεστερ Γιουνάιτεντ","Σύνολο","Γκολ",":","1","1.06","|","2","1.34","|","3","2.03","|","4","3.65","|","5","7.40","|","6","16.50","|","7","38.00","|"
"Λιόν","Μάντσεστερ Γιουνάιτεντ","Ακριβές","Σκορ",":","1:0","7.50","|","2:0","10.50","|","2:1","8.75","|","3:0","22.00","|","3:1","18.00","|","3:2","25.00","|","4:0","50.00","|","4:1","45.00","|","4:2","65.00","|","4:3","100.00","|","5:0","100.00","|","5:1","100.00","|","5:2","125.00","|","5:3","150.00","|","5:4","150.00","|","6:0","125.00","|","6:1","125.00","|","6:2","125.00","|","6:3","175.00","|","7:0","125.00","|","7:1","125.00","|","7:2","200.00","|","8:0","125.00","|","9:0","125.00","|","10:0","125.00","|"
"Λιόν","Μάντσεστερ Γιουνάιτεντ","Ακριβές","Σκορ",":","0:0","8.75","|","1:1","5.90","|","2:2","12.50","|","3:3","50.00","|","4:4","150.00","|"
"Λιόν","Μάντσεστερ Γιουνάιτεντ","Ακριβές","Σκορ",":","0:1","8.50","|","0:2","13.50","|","1:2","9.75","|","0:3","30.00","|","1:3","22.00","|","2:3","28.00","|","0:4","80.00","|","1:4","60.00","|","2:4","80.00","|","3:4","100.00","|","0:5","125.00","|","1:5","125.00","|","2:5","125.00","|","3:5","150.00","|","4:5","175.00","|","0:6","125.00","|","1:6","150.00","|","2:6","125.00","|","3:6","175.00","|","0:7","125.00","|","1:7","125.00","|","0:8","125.00","|","0:9","125.00","|","0:10","125.00","|"
"Λιόν","Μάντσεστερ Γιουνάιτεντ","Αποτέλεσμα","και","Over/Under","1.5",":","Over None","2.95","|","Under None","7.30","|"
"Λιόν","Μάντσεστερ Γιουνάιτεντ","Αποτέλεσμα","και","Over/Under","1.5",":","Over None","4.50","|","Under None","9.25","|"
"Λιόν","Μάντσεστερ Γιουνάιτεντ","Αποτέλεσμα","και","Over/Under","1.5",":","Over None","3.70","|","Under None","8.25","|"
"Λιόν","Μάντσεστερ Γιουνάιτεντ","Αποτέλεσμα","και","Over/Under","2.5",":","Over None","3.90","|","Under None","4.65","|"
"Λιόν","Μάντσεστερ Γιουνάιτεντ","Αποτέλεσμα","και","Over/Under","2.5",":","Over None","13.00","|","Under None","4.10","|"
"Λιόν","Μάντσεστερ Γιουνάιτεντ","Αποτέλεσμα","και","Over/Under","2.5",":","Over None","4.85","|","Under None","5.40","|"
"Λιόν","Μάντσεστερ Γιουνάιτεντ","Αποτέλεσμα","και","Over/Under","3.5",":","Over None","7.80","|","Under None","2.92","|"
"Λιόν","Μάντσεστερ Γιουνάιτεντ","Αποτέλεσμα","και","Over/Under","3.5",":","Over None","13.00","|","Under None","4.10","|"
"Λιόν","Μάντσεστερ Γιουνάιτεντ","Αποτέλεσμα","και","Over/Under","3.5",":","Over None","10.00","|","Under None","3.45","|"
"Λιόν","Μάντσεστερ Γιουνάιτεντ","Αποτέλεσμα","και","Over/Under","4.5",":","Over None","13.50","|","Under None","2.50","|"
"Λιόν","Μάντσεστερ Γιουνάιτεντ","Αποτέλεσμα","και","Over/Under","4.5",":","Over None","55.00","|","Under None","3.30","|"
"Λιόν","Μάντσεστερ Γιουνάιτεντ","Αποτέλεσμα","και","Over/Under","4.5",":","Over None","17.00","|","Under None","3.00","|"
"Λιόν","Μάντσεστερ Γιουνάιτεντ","Αποτέλεσμα","και","Over/Under","5.5",":","Over None","33.00","|","Under None","2.28","|"
"Λιόν","Μάντσεστερ Γιουνάιτεντ","Αποτέλεσμα","και","Over/Under","5.5",":","Over None","55.00","|","Under None","3.30","|"
"Λιόν","Μάντσεστερ Γιουνάιτεντ","Αποτέλεσμα","και","Over/Under","5.5",":","Over None","44.00","|","Under None","2.75","|"
"Λιόν","Μάντσεστερ Γιουνάιτεντ","Αποτέλεσμα","Και","Να","Σκοράρουν","Και","Οι","Δύο","Ομάδες","(6πλής","Επιλογής)",":","1 Και Ναι","4.60","|","1 Και Όχι","3.95","|"
"Λιόν","Μάντσεστερ Γιουνάιτεντ","Αποτέλεσμα","Και","Να","Σκοράρουν","Και","Οι","Δύο","Ομάδες","(6πλής","Επιλογής)",":","Ισοπαλία Και Όχι","8.75","|","Ισοπαλία Και Ναι","4.30","|"
"Λιόν","Μάντσεστερ Γιουνάιτεντ","Αποτέλεσμα","Και","Να","Σκοράρουν","Και","Οι","Δύο","Ομάδες","(6πλής","Επιλογής)",":","2 Και Ναι","5.50","|","2 Και Όχι","5.00","|"
"Λιόν","Μάντσεστερ Γιουνάιτεντ","Να","Σκοράρουν","Και","Οι","Δύο","Ομάδες","και","Over/Under","2.5",":","Όχι και Under 2.5","2.25","|","Ναι και Over 2.5","2.30","|","Ναι και Under 2.5","6.30","|","Όχι και Over 2.5","10.00","|"
"Λιόν","Μάντσεστερ Γιουνάιτεντ","Να","Σκοράρουν","Και","Οι","Δύο","Ομάδες","και","Over/Under","3.5",":","Όχι και Under 3.5","2.00","|","Ναι και Under 3.5","3.00","|","Ναι και Over 3.5","3.60","|","Όχι και Over 3.5","29.00","|"
"Λιόν","Μάντσεστερ Γιουνάιτεντ","Να","Σκοράρουν","Και","Οι","Δύο","Ομάδες","και","Over/Under","4.5",":","Όχι και Under 4.5","1.95","|","Ναι και Under 4.5","2.20","|","Ναι και Over 4.5","6.70","|","Όχι και Over 4.5","46.00","|"
"Λιόν","Μάντσεστερ Γιουνάιτεντ","Να","Σκοράρουν","Και","Οι","Δύο","Ομάδες","και","Over/Under","5.5",":","Ναι και Under 5.5","1.83","|","Όχι και Under 5.5","1.93","|","Ναι και Over 5.5","13.50","|","Όχι και Over 5.5","90.00","|"
"Ρέιντζερς","Αθλέτικ Μπιλμπάο","Τελικό","Αποτέλεσμα",":","Ρέιντζερς","3.20","|","Ισοπαλία","3.60","|","Αθλέτικ Μπιλμπάο","2.27","|"
"Ρέιντζερς","Αθλέτικ Μπιλμπάο","Πρόκριση","Αγώνας",":","Ρέιντζερς","3.45","|","Αθλέτικ Μπιλμπάο","1.33","|"
"Ρέιντζερς","Αθλέτικ Μπιλμπάο","Διπλή","Ευκαιρία",":","Ρέιντζερς ή Ισοπαλία","1.69","|","Ρέιντζερς ή Αθλέτικ Μπιλμπάο","1.33","|","Αθλέτικ Μπιλμπάο ή Ισοπαλία","1.38","|"
"Ρέιντζερς","Αθλέτικ Μπιλμπάο","Γκολ","Over/Under",":","Over 0.5","1.06","|","Under 0.5","10.00","|"
"Ρέιντζερς","Αθλέτικ Μπιλμπάο","Γκολ","Over/Under",":","Over 1","1.07","|","Under 1","9.25","|"
"Ρέιντζερς","Αθλέτικ Μπιλμπάο","Γκολ","Over/Under",":","Over 1.25","1.19","|","Under 1.25","5.00","|"
"Ρέιντζερς","Αθλέτικ Μπιλμπάο","Γκολ","Over/Under",":","Over 1.5","1.30","|","Under 1.5","3.65","|"
"Ρέιντζερς","Αθλέτικ Μπιλμπάο","Γκολ","Over/Under",":","Over 1.75","1.36","|","Under 1.75","3.20","|"
"Ρέιντζερς","Αθλέτικ Μπιλμπάο","Γκολ","Over/Under",":","Over 2","1.46","|","Under 2","2.80","|"
"Ρέιντζερς","Αθλέτικ Μπιλμπάο","Γκολ","Over/Under",":","Over 2.25","1.68","|","Under 2.25","2.24","|"
"Ρέιντζερς","Αθλέτικ Μπιλμπάο","Γκολ","Over/Under",":","Over 2.5","1.90","|","Under 2.5","1.95","|"
"Ρέιντζερς","Αθλέτικ Μπιλμπάο","Γκολ","Over/Under",":","Over 2.75","2.15","|","Under 2.75","1.74","|"
"Ρέιντζερς","Αθλέτικ Μπιλμπάο","Γκολ","Over/Under",":","Over 3","2.55","|","Under 3","1.54","|"
"Ρέιντζερς","Αθλέτικ Μπιλμπάο","Γκολ","Over/Under",":","Over 3.25","2.90","|","Under 3.25","1.43","|"
"Ρέιντζερς","Αθλέτικ Μπιλμπάο","Γκολ","Over/Under",":","Over 3.5","3.20","|","Under 3.5","1.36","|"
"Ρέιντζερς","Αθλέτικ Μπιλμπάο","Γκολ","Over/Under",":","Over 3.75","3.95","|","Under 3.75","1.27","|"
"Ρέιντζερς","Αθλέτικ Μπιλμπάο","Γκολ","Over/Under",":","Over 4","5.30","|","Under 4","1.17","|"
"Ρέιντζερς","Αθλέτικ Μπιλμπάο","Γκολ","Over/Under",":","Over 4.25","5.80","|","Under 4.25","1.15","|"
"Ρέιντζερς","Αθλέτικ Μπιλμπάο","Γκολ","Over/Under",":","Over 4.5","6.10","|","Under 4.5","1.14","|"
"Ρέιντζερς","Αθλέτικ Μπιλμπάο","Γκολ","Over/Under",":","Over 5.5","12.00","|","Under 5.5","1.04","|"
"Ρέιντζερς","Αθλέτικ Μπιλμπάο","Γκολ","Over/Under",":","Over 6.5","22.00","|","Under 6.5","1.005","|"
"Ρέιντζερς","Αθλέτικ Μπιλμπάο","Γκολ","Over/Under",":","Over 7.5","50.00","|","Under 7.5","N/A","|"
"Ρέιντζερς","Αθλέτικ Μπιλμπάο","Να","Σκοράρουν","Και","Οι","Δύο","Ομάδες",":","Ναι","1.73","|","Όχι","2.10","|"
"Ρέιντζερς","Αθλέτικ Μπιλμπάο","Να","Σκοράρουν","Και","Οι","Δύο","Ομάδες","ή","Over","2.5",":","Ναι","1.56","|","Όχι (2-0, 1-0, 0-0, 0-1 ή 0-2)","2.36","|"
"Ρέιντζερς","Αθλέτικ Μπιλμπάο","Τελικό","Αποτέλεσμα","1ο","Ημίχρονο",":","Ρέιντζερς","3.75","|","Ισοπαλία","2.20","|","Αθλέτικ Μπιλμπάο","2.90","|"
"Ρέιντζερς","Αθλέτικ Μπιλμπάο","Γκολ","Over/Under","1ο","Ημίχρονο",":","Over 0.5","1.41","|","Under 0.5","2.97","|"
"Ρέιντζερς","Αθλέτικ Μπιλμπάο","Γκολ","Over/Under","1ο","Ημίχρονο",":","Over 0.75","1.56","|","Under 0.75","2.49","|"
"Ρέιντζερς","Αθλέτικ Μπιλμπάο","Γκολ","Over/Under","1ο","Ημίχρονο",":","Over 1","1.91","|","Under 1","1.93","|"
"Ρέιντζερς","Αθλέτικ Μπιλμπάο","Γκολ","Over/Under","1ο","Ημίχρονο",":","Over 1.25","2.39","|","Under 1.25","1.60","|"
"Ρέιντζερς","Αθλέτικ Μπιλμπάο","Γκολ","Over/Under","1ο","Ημίχρονο",":","Over 1.5","2.85","|","Under 1.5","1.45","|"
"Ρέιντζερς","Αθλέτικ Μπιλμπάο","Γκολ","Over/Under","1ο","Ημίχρονο",":","Over 1.75","3.70","|","Under 1.75","1.29","|"
"Ρέιντζερς","Αθλέτικ Μπιλμπάο","Γκολ","Over/Under","1ο","Ημίχρονο",":","Over 2","5.90","|","Under 2","1.14","|"
"Ρέιντζερς","Αθλέτικ Μπιλμπάο","Γκολ","Over/Under","1ο","Ημίχρονο",":","Over 2.25","6.80","|","Under 2.25","1.11","|"
"Ρέιντζερς","Αθλέτικ Μπιλμπάο","Γκολ","Over/Under","1ο","Ημίχρονο",":","Over 2.5","7.20","|","Under 2.5","1.11","|"
"Ρέιντζερς","Αθλέτικ Μπιλμπάο","Γκολ","Over/Under","1ο","Ημίχρονο",":","Over 3.5","18.00","|","Under 3.5","1.01","|"
"Ρέιντζερς","Αθλέτικ Μπιλμπάο","Γκολ","Over/Under","1ο","Ημίχρονο",":","Over 4.5","49.00","|","Under 4.5","N/A","|"
"Ρέιντζερς","Αθλέτικ Μπιλμπάο","Χάντικαπ",":","Ρέιντζερς (-3)","39.00","|","Ισοπαλία (Ρέιντζερς -3)","18.50","|","Αθλέτικ Μπιλμπάο (+3)","1.006","|"
"Ρέιντζερς","Αθλέτικ Μπιλμπάο","Χάντικαπ",":","Ρέιντζερς (-2)","15.00","|","Ισοπαλία (Ρέιντζερς -2)","8.25","|","Αθλέτικ Μπιλμπάο (+2)","1.12","|"
"Ρέιντζερς","Αθλέτικ Μπιλμπάο","Χάντικαπ",":","Ρέιντζερς (-1)","6.00","|","Ισοπαλία (Ρέιντζερς -1)","4.60","|","Αθλέτικ Μπιλμπάο (+1)","1.44","|"
"Ρέιντζερς","Αθλέτικ Μπιλμπάο","Χάντικαπ",":","Ρέιντζερς (+1)","1.65","|","Ισοπαλία (Ρέιντζερς +1)","4.05","|","Αθλέτικ Μπιλμπάο (-1)","4.45","|"
"Ρέιντζερς","Αθλέτικ Μπιλμπάο","Χάντικαπ",":","Ρέιντζερς (+2)","1.21","|","Ισοπαλία (Ρέιντζερς +2)","6.60","|","Αθλέτικ Μπιλμπάο (-2)","10.00","|"
"Ρέιντζερς","Αθλέτικ Μπιλμπάο","Χάντικαπ",":","Ρέιντζερς (+3)","1.04","|","Ισοπαλία (Ρέιντζερς +3)","13.50","|","Αθλέτικ Μπιλμπάο (-3)","25.00","|"
"Ρέιντζερς","Αθλέτικ Μπιλμπάο","Ασιατικό","Χάντικαπ",":","-2","13.50","|","+2","1.03","|"
"Ρέιντζερς","Αθλέτικ Μπιλμπάο","Ασιατικό","Χάντικαπ",":","-1.75","8.00","|","+1.75","1.09","|"
"Ρέιντζερς","Αθλέτικ Μπιλμπάο","Ασιατικό","Χάντικαπ",":","-1.5","6.70","|","+1.5","1.12","|"
"Ρέιντζερς","Αθλέτικ Μπιλμπάο","Ασιατικό","Χάντικαπ",":","-1.25","6.10","|","+1.25","1.14","|"
"Ρέιντζερς","Αθλέτικ Μπιλμπάο","Ασιατικό","Χάντικαπ",":","-1","5.60","|","+1","1.16","|"
"Ρέιντζερς","Αθλέτικ Μπιλμπάο","Ασιατικό","Χάντικαπ",":","-0.75","3.90","|","+0.75","1.27","|"
"Ρέιντζερς","Αθλέτικ Μπιλμπάο","Ασιατικό","Χάντικαπ",":","-0.5","3.10","|","+0.5","1.39","|"
"Ρέιντζερς","Αθλέτικ Μπιλμπάο","Ασιατικό","Χάντικαπ",":","-0.25","2.67","|","+0.25","1.50","|"
"Ρέιντζερς","Αθλέτικ Μπιλμπάο","Ασιατικό","Χάντικαπ",":","0","2.29","|","0","1.65","|"
"Ρέιντζερς","Αθλέτικ Μπιλμπάο","Ασιατικό","Χάντικαπ",":","+0.25","1.90","|","-0.25","1.94","|"
"Ρέιντζερς","Αθλέτικ Μπιλμπάο","Ασιατικό","Χάντικαπ",":","+0.5","1.70","|","-0.5","2.20","|"
"Ρέιντζερς","Αθλέτικ Μπιλμπάο","Ασιατικό","Χάντικαπ",":","+0.75","1.52","|","-0.75","2.60","|"
"Ρέιντζερς","Αθλέτικ Μπιλμπάο","Ασιατικό","Χάντικαπ",":","+1","1.33","|","-1","3.45","|"
"Ρέιντζερς","Αθλέτικ Μπιλμπάο","Ασιατικό","Χάντικαπ",":","+1.25","1.28","|","-1.25","3.85","|"
"Ρέιντζερς","Αθλέτικ Μπιλμπάο","Ασιατικό","Χάντικαπ",":","+1.5","1.24","|","-1.5","4.25","|"
"Ρέιντζερς","Αθλέτικ Μπιλμπάο","Ασιατικό","Χάντικαπ",":","+1.75","1.16","|","-1.75","5.50","|"
"Ρέιντζερς","Αθλέτικ Μπιλμπάο","Ασιατικό","Χάντικαπ",":","+2","1.08","|","-2","8.25","|"
"Ρέιντζερς","Αθλέτικ Μπιλμπάο","Ασιατικό","Χάντικαπ",":","+2.5","1.07","|","-2.5","9.00","|"
"Ρέιντζερς","Αθλέτικ Μπιλμπάο","Ασιατικό","Χάντικαπ","1ο","Ημίχρονο",":","-2","44.00","|","Αθλέτικ Μπιλμπάο","N/A","|"
"Ρέιντζερς","Αθλέτικ Μπιλμπάο","Ασιατικό","Χάντικαπ","1ο","Ημίχρονο",":","-1.75","18.00","|","+1.75","1.01","|"
"Ρέιντζερς","Αθλέτικ Μπιλμπάο","Ασιατικό","Χάντικαπ","1ο","Ημίχρονο",":","-1.5","12.00","|","+1.5","1.04","|"
"Ρέιντζερς","Αθλέτικ Μπιλμπάο","Ασιατικό","Χάντικαπ","1ο","Ημίχρονο",":","-1.25","11.00","|","+1.25","1.05","|"
"Ρέιντζερς","Αθλέτικ Μπιλμπάο","Ασιατικό","Χάντικαπ","1ο","Ημίχρονο",":","-1","10.00","|","+1","1.06","|"
"Ρέιντζερς","Αθλέτικ Μπιλμπάο","Ασιατικό","Χάντικαπ","1ο","Ημίχρονο",":","-0.75","4.85","|","+0.75","1.19","|"
"Ρέιντζερς","Αθλέτικ Μπιλμπάο","Ασιατικό","Χάντικαπ","1ο","Ημίχρονο",":","-0.5","3.65","|","+0.5","1.30","|"
"Ρέιντζερς","Αθλέτικ Μπιλμπάο","Ασιατικό","Χάντικαπ","1ο","Ημίχρονο",":","-0.25","2.97","|","+0.25","1.42","|"
"Ρέιντζερς","Αθλέτικ Μπιλμπάο","Ασιατικό","Χάντικαπ","1ο","Ημίχρονο",":","0","2.20","|","0","1.70","|"
"Ρέιντζερς","Αθλέτικ Μπιλμπάο","Ασιατικό","Χάντικαπ","1ο","Ημίχρονο",":","+0.25","1.65","|","-0.25","2.30","|"
"Ρέιντζερς","Αθλέτικ Μπιλμπάο","Ασιατικό","Χάντικαπ","1ο","Ημίχρονο",":","+0.5","1.44","|","-0.5","2.87","|"
"Ρέιντζερς","Αθλέτικ Μπιλμπάο","Ασιατικό","Χάντικαπ","1ο","Ημίχρονο",":","+0.75","1.28","|","-0.75","3.80","|"
"Ρέιντζερς","Αθλέτικ Μπιλμπάο","Ασιατικό","Χάντικαπ","1ο","Ημίχρονο",":","+1","1.13","|","-1","6.30","|"
"Ρέιντζερς","Αθλέτικ Μπιλμπάο","Ασιατικό","Χάντικαπ","1ο","Ημίχρονο",":","+1.25","1.09","|","-1.25","8.00","|"
"Ρέιντζερς","Αθλέτικ Μπιλμπάο","Ασιατικό","Χάντικαπ","1ο","Ημίχρονο",":","+1.5","1.09","|","-1.5","8.00","|"
"Ρέιντζερς","Αθλέτικ Μπιλμπάο","Ασιατικό","Χάντικαπ","1ο","Ημίχρονο",":","+1.75","1.03","|","-1.75","13.50","|"
"Ρέιντζερς","Αθλέτικ Μπιλμπάο","Ασιατικό","Χάντικαπ","1ο","Ημίχρονο",":","Ρέιντζερς","N/A","|","-2","31.00","|"
"Ρέιντζερς","Αθλέτικ Μπιλμπάο","Ισοπαλία","Όχι","Στοίχημα",":","Ρέιντζερς","2.27","|","Αθλέτικ Μπιλμπάο","1.64","|"
"Ρέιντζερς","Αθλέτικ Μπιλμπάο","Γηπεδούχος","Όχι","Στοίχημα",":","Ισοπαλία","2.43","|","Αθλέτικ Μπιλμπάο","1.56","|"
"Ρέιντζερς","Αθλέτικ Μπιλμπάο","Φιλοξενούμενος","Όχι","Στοίχημα",":","Ρέιντζερς","1.82","|","Ισοπαλία","1.99","|"
"Ρέιντζερς","Αθλέτικ Μπιλμπάο","Ημίχρονο/Τελικό",":","Ρέιντζερς / Ρέιντζερς","4.80","|","Ρέιντζερς / Ισοπαλία","14.50","|","Ρέιντζερς / Αθλέτικ Μπιλμπάο","27.00","|"
"Ρέιντζερς","Αθλέτικ Μπιλμπάο","Ημίχρονο/Τελικό",":","Ισοπαλία / Ρέιντζερς","7.00","|","Ισοπαλία / Ισοπαλία","5.50","|","Ισοπαλία / Αθλέτικ Μπιλμπάο","5.90","|"
"Ρέιντζερς","Αθλέτικ Μπιλμπάο","Ημίχρονο/Τελικό",":","Αθλέτικ Μπιλμπάο / Αθλέτικ Μπιλμπάο","3.70","|","Αθλέτικ Μπιλμπάο / Ισοπαλία","14.00","|","Αθλέτικ Μπιλμπάο / Ρέιντζερς","30.00","|"
"Ρέιντζερς","Αθλέτικ Μπιλμπάο","Ημίχρονο","Ή","Τελικό",":","Ρέιντζερς","2.34","|","Ισοπαλία","1.69","|","Αθλέτικ Μπιλμπάο","1.78","|"
"Ρέιντζερς","Αθλέτικ Μπιλμπάο","Να","Κερδίσει","και","τα","2","Ημίχρονα",":","Ρέιντζερς","10.50","|","Αθλέτικ Μπιλμπάο","6.30","|"
"Ρέιντζερς","Αθλέτικ Μπιλμπάο","Γκολ","Και","Στα","2","Ημίχρονα",":","Ναι","1.72","|","Όχι","1.98","|"
"Ρέιντζερς","Αθλέτικ Μπιλμπάο","Να","Σκοράρει","και","Στα","2","Ημίχρονα",":","Ρέιντζερς","4.25","|","Αθλέτικ Μπιλμπάο","3.15","|"
"Ρέιντζερς","Αθλέτικ Μπιλμπάο","Να","Βρεθεί","Πίσω","στο","Σκορ","Και","να","Κερδίσει",":","Ρέιντζερς","12.50","|","Αθλέτικ Μπιλμπάο","9.75","|"
"Ρέιντζερς","Αθλέτικ Μπιλμπάο","Σύνολο","Γκολ",":","0","10.00","|","1","4.45","|","2","3.45","|","3","3.90","|","4","5.70","|","5","10.00","|","6","20.00","|","7","41.00","|"
"Ρέιντζερς","Αθλέτικ Μπιλμπάο","Σύνολο","Γκολ",":","0-4","1.10","|","0-1","3.30","|","0-5","1.03","|","0-3","1.30","|","0-2","1.80","|","1-3","1.43","|","1-4","1.19","|","1-5","1.10","|","1-2","2.07","|","2-4","1.53","|","2-5","1.38","|","2-6","1.32","|","2-3","1.96","|","3-6","1.96","|","3-5","2.10","|","3-4","2.49","|","4-5","3.95","|","4-6","3.50","|"
"Ρέιντζερς","Αθλέτικ Μπιλμπάο","Σύνολο","Γκολ",":","1","1.05","|","2","1.29","|","3","1.90","|","4","3.30","|","5","6.50","|","6","14.00","|","7","32.00","|"
"Ρέιντζερς","Αθλέτικ Μπιλμπάο","Ακριβές","Σκορ",":","1:0","9.50","|","2:0","15.00","|","2:1","10.00","|","3:0","33.00","|","3:1","22.00","|","3:2","28.00","|","4:0","80.00","|","4:1","60.00","|","4:2","75.00","|","4:3","100.00","|","5:0","125.00","|","5:1","125.00","|","5:2","125.00","|","5:3","150.00","|","5:4","150.00","|","6:0","125.00","|","6:1","150.00","|","6:2","125.00","|","6:3","175.00","|","7:0","125.00","|","7:1","125.00","|","8:0","125.00","|","9:0","125.00","|","10:0","125.00","|"
"Ρέιντζερς","Αθλέτικ Μπιλμπάο","Ακριβές","Σκορ",":","0:0","9.75","|","1:1","6.40","|","2:2","12.50","|","3:3","45.00","|","4:4","125.00","|","5:5","200.00","|"
"Ρέιντζερς","Αθλέτικ Μπιλμπάο","Ακριβές","Σκορ",":","0:1","7.90","|","0:2","10.50","|","1:2","8.25","|","0:3","19.00","|","1:3","16.00","|","2:3","22.00","|","0:4","45.00","|","1:4","40.00","|","2:4","55.00","|","3:4","95.00","|","0:5","100.00","|","1:5","85.00","|","2:5","100.00","|","3:5","175.00","|","4:5","150.00","|","0:6","125.00","|","1:6","125.00","|","2:6","125.00","|","3:6","150.00","|","4:6","200.00","|","0:7","125.00","|","1:7","125.00","|","2:7","175.00","|","0:8","125.00","|","0:9","125.00","|","0:10","125.00","|"
"Ρέιντζερς","Αθλέτικ Μπιλμπάο","Αποτέλεσμα","και","Over/Under","1.5",":","Over None","3.60","|","Under None","8.75","|"
"Ρέιντζερς","Αθλέτικ Μπιλμπάο","Αποτέλεσμα","και","Over/Under","1.5",":","Over None","4.50","|","Under None","10.50","|"
"Ρέιντζερς","Αθλέτικ Μπιλμπάο","Αποτέλεσμα","και","Over/Under","1.5",":","Over None","2.80","|","Under None","7.80","|"
"Ρέιντζερς","Αθλέτικ Μπιλμπάο","Αποτέλεσμα","και","Over/Under","2.5",":","Over None","4.70","|","Under None","5.90","|"
"Ρέιντζερς","Αθλέτικ Μπιλμπάο","Αποτέλεσμα","και","Over/Under","2.5",":","Over None","12.00","|","Under None","4.40","|"
"Ρέιντζερς","Αθλέτικ Μπιλμπάο","Αποτέλεσμα","και","Over/Under","2.5",":","Over None","3.65","|","Under None","4.90","|"
"Ρέιντζερς","Αθλέτικ Μπιλμπάο","Αποτέλεσμα","και","Over/Under","3.5",":","Over None","9.25","|","Under None","3.60","|"
"Ρέιντζερς","Αθλέτικ Μπιλμπάο","Αποτέλεσμα","και","Over/Under","3.5",":","Over None","12.00","|","Under None","4.35","|"
"Ρέιντζερς","Αθλέτικ Μπιλμπάο","Αποτέλεσμα","και","Over/Under","3.5",":","Over None","7.00","|","Under None","2.95","|"
"Ρέιντζερς","Αθλέτικ Μπιλμπάο","Αποτέλεσμα","και","Over/Under","4.5",":","Over None","15.00","|","Under None","3.10","|"
"Ρέιντζερς","Αθλέτικ Μπιλμπάο","Αποτέλεσμα","και","Over/Under","4.5",":","Over None","50.00","|","Under None","3.45","|"
"Ρέιντζερς","Αθλέτικ Μπιλμπάο","Αποτέλεσμα","και","Over/Under","4.5",":","Over None","11.50","|","Under None","2.52","|"
"Ρέιντζερς","Αθλέτικ Μπιλμπάο","Αποτέλεσμα","και","Over/Under","5.5",":","Over None","37.00","|","Under None","2.80","|"
"Ρέιντζερς","Αθλέτικ Μπιλμπάο","Αποτέλεσμα","και","Over/Under","5.5",":","Over None","50.00","|","Under None","3.45","|"
"Ρέιντζερς","Αθλέτικ Μπιλμπάο","Αποτέλεσμα","και","Over/Under","5.5",":","Over None","28.00","|","Under None","2.25","|"
"Ρέιντζερς","Αθλέτικ Μπιλμπάο","Αποτέλεσμα","Και","Να","Σκοράρουν","Και","Οι","Δύο","Ομάδες","(6πλής","Επιλογής)",":","1 Και Όχι","5.40","|","1 Και Ναι","5.40","|"
"Ρέιντζερς","Αθλέτικ Μπιλμπάο","Αποτέλεσμα","Και","Να","Σκοράρουν","Και","Οι","Δύο","Ομάδες","(6πλής","Επιλογής)",":","Ισοπαλία Και Ναι","4.30","|","Ισοπαλία Και Όχι","9.75","|"
"Ρέιντζερς","Αθλέτικ Μπιλμπάο","Αποτέλεσμα","Και","Να","Σκοράρουν","Και","Οι","Δύο","Ομάδες","(6πλής","Επιλογής)",":","2 Και Όχι","3.70","|","2 Και Ναι","4.15","|"
"Ρέιντζερς","Αθλέτικ Μπιλμπάο","Να","Σκοράρουν","Και","Οι","Δύο","Ομάδες","και","Over/Under","2.5",":","Ναι και Over 2.5","2.15","|","Όχι και Under 2.5","2.40","|","Ναι και Under 2.5","6.50","|","Όχι και Over 2.5","9.50","|"
"Ρέιντζερς","Αθλέτικ Μπιλμπάο","Να","Σκοράρουν","Και","Οι","Δύο","Ομάδες","και","Over/Under","3.5",":","Όχι και Under 3.5","2.11","|","Ναι και Under 3.5","3.05","|","Ναι και Over 3.5","3.40","|","Όχι και Over 3.5","26.00","|"
"Ρέιντζερς","Αθλέτικ Μπιλμπάο","Να","Σκοράρουν","Και","Οι","Δύο","Ομάδες","και","Over/Under","4.5",":","Όχι και Under 4.5","2.02","|","Ναι και Under 4.5","2.15","|","Ναι και Over 4.5","6.10","|","Όχι και Over 4.5","41.00","|"
"Ρέιντζερς","Αθλέτικ Μπιλμπάο","Να","Σκοράρουν","Και","Οι","Δύο","Ομάδες","και","Over/Under","5.5",":","Ναι και Under 5.5","1.85","|","Όχι και Under 5.5","1.98","|","Ναι και Over 5.5","12.00","|","Όχι και Over 5.5","80.00","|"
"Τότεναμ","Άιντραχτ Φρανκφούρτης","Τελικό","Αποτέλεσμα",":","Τότεναμ","1.79","|","Ισοπαλία","4.00","|","Άιντραχτ Φρανκφούρτης","4.45","|"
"Τότεναμ","Άιντραχτ Φρανκφούρτης","Πρόκριση","Αγώνας",":","Τότεναμ","1.71","|","Άιντραχτ Φρανκφούρτης","2.20","|"
"Τότεναμ","Άιντραχτ Φρανκφούρτης","Διπλή","Ευκαιρία",":","Τότεναμ ή Ισοπαλία","1.24","|","Τότεναμ ή Άιντραχτ Φρανκφούρτης","1.28","|","Άιντραχτ Φρανκφούρτης ή Ισοπαλία","2.10","|"
"Τότεναμ","Άιντραχτ Φρανκφούρτης","Γκολ","Over/Under",":","Over 0.5","1.05","|","Under 0.5","11.50","|"
"Τότεναμ","Άιντραχτ Φρανκφούρτης","Γκολ","Over/Under",":","Over 1","1.05","|","Under 1","10.50","|"
"Τότεναμ","Άιντραχτ Φρανκφούρτης","Γκολ","Over/Under",":","Over 1.25","1.14","|","Under 1.25","5.90","|"
"Τότεναμ","Άιντραχτ Φρανκφούρτης","Γκολ","Over/Under",":","Over 1.5","1.24","|","Under 1.5","4.15","|"
"Τότεναμ","Άιντραχτ Φρανκφούρτης","Γκολ","Over/Under",":","Over 1.75","1.29","|","Under 1.75","3.75","|"
"Τότεναμ","Άιντραχτ Φρανκφούρτης","Γκολ","Over/Under",":","Over 2","1.34","|","Under 2","3.35","|"
"Τότεναμ","Άιντραχτ Φρανκφούρτης","Γκολ","Over/Under",":","Over 2.25","1.54","|","Under 2.25","2.55","|"
"Τότεναμ","Άιντραχτ Φρανκφούρτης","Γκολ","Over/Under",":","Over 2.5","1.74","|","Under 2.5","2.15","|"
"Τότεναμ","Άιντραχτ Φρανκφούρτης","Γκολ","Over/Under",":","Over 2.75","1.91","|","Under 2.75","1.93","|"
"Τότεναμ","Άιντραχτ Φρανκφούρτης","Γκολ","Over/Under",":","Over 3","2.20","|","Under 3","1.71","|"
"Τότεναμ","Άιντραχτ Φρανκφούρτης","Γκολ","Over/Under",":","Over 3.25","2.47","|","Under 3.25","1.57","|"
"Τότεναμ","Άιντραχτ Φρανκφούρτης","Γκολ","Over/Under",":","Over 3.5","2.77","|","Under 3.5","1.47","|"
"Τότεναμ","Άιντραχτ Φρανκφούρτης","Γκολ","Over/Under",":","Over 3.75","3.30","|","Under 3.75","1.35","|"
"Τότεναμ","Άιντραχτ Φρανκφούρτης","Γκολ","Over/Under",":","Over 4","4.30","|","Under 4","1.23","|"
"Τότεναμ","Άιντραχτ Φρανκφούρτης","Γκολ","Over/Under",":","Over 4.25","4.70","|","Under 4.25","1.21","|"
"Τότεναμ","Άιντραχτ Φρανκφούρτης","Γκολ","Over/Under",":","Over 4.5","5.10","|","Under 4.5","1.18","|"
"Τότεναμ","Άιντραχτ Φρανκφούρτης","Γκολ","Over/Under",":","Over 4.75","6.20","|","Under 4.75","1.13","|"
"Τότεναμ","Άιντραχτ Φρανκφούρτης","Γκολ","Over/Under",":","Over 5","8.25","|","Under 5","1.08","|"
"Τότεναμ","Άιντραχτ Φρανκφούρτης","Γκολ","Over/Under",":","Over 5.5","10.00","|","Under 5.5","1.06","|"
"Τότεναμ","Άιντραχτ Φρανκφούρτης","Γκολ","Over/Under",":","Over 6.5","20.00","|","Under 6.5","1.01","|"
"Τότεναμ","Άιντραχτ Φρανκφούρτης","Γκολ","Over/Under",":","Over 7.5","40.00","|","Under 7.5","N/A","|"
"Τότεναμ","Άιντραχτ Φρανκφούρτης","Να","Σκοράρουν","Και","Οι","Δύο","Ομάδες",":","Ναι","1.70","|","Όχι","2.16","|"
"Τότεναμ","Άιντραχτ Φρανκφούρτης","Να","Σκοράρουν","Και","Οι","Δύο","Ομάδες","ή","Over","2.5",":","Ναι","1.46","|","Όχι (2-0, 1-0, 0-0, 0-1 ή 0-2)","2.62","|"
"Τότεναμ","Άιντραχτ Φρανκφούρτης","Τελικό","Αποτέλεσμα","1ο","Ημίχρονο",":","Τότεναμ","2.35","|","Ισοπαλία","2.35","|","Άιντραχτ Φρανκφούρτης","4.70","|"
"Τότεναμ","Άιντραχτ Φρανκφούρτης","Γκολ","Over/Under","1ο","Ημίχρονο",":","Over 0.5","1.36","|","Under 0.5","3.25","|"
"Τότεναμ","Άιντραχτ Φρανκφούρτης","Γκολ","Over/Under","1ο","Ημίχρονο",":","Over 0.75","1.47","|","Under 0.75","2.75","|"
"Τότεναμ","Άιντραχτ Φρανκφούρτης","Γκολ","Over/Under","1ο","Ημίχρονο",":","Over 1","1.70","|","Under 1","2.21","|"
"Τότεναμ","Άιντραχτ Φρανκφούρτης","Γκολ","Over/Under","1ο","Ημίχρονο",":","Over 1.25","2.15","|","Under 1.25","1.74","|"
"Τότεναμ","Άιντραχτ Φρανκφούρτης","Γκολ","Over/Under","1ο","Ημίχρονο",":","Over 1.5","2.52","|","Under 1.5","1.54","|"
"Τότεναμ","Άιντραχτ Φρανκφούρτης","Γκολ","Over/Under","1ο","Ημίχρονο",":","Over 1.75","3.30","|","Under 1.75","1.35","|"
"Τότεναμ","Άιντραχτ Φρανκφούρτης","Γκολ","Over/Under","1ο","Ημίχρονο",":","Over 2","5.00","|","Under 2","1.18","|"
"Τότεναμ","Άιντραχτ Φρανκφούρτης","Γκολ","Over/Under","1ο","Ημίχρονο",":","Over 2.25","5.80","|","Under 2.25","1.15","|"
"Τότεναμ","Άιντραχτ Φρανκφούρτης","Γκολ","Over/Under","1ο","Ημίχρονο",":","Over 2.5","5.90","|","Under 2.5","1.14","|"
"Τότεναμ","Άιντραχτ Φρανκφούρτης","Γκολ","Over/Under","1ο","Ημίχρονο",":","Over 3.5","15.50","|","Under 3.5","1.02","|"
"Τότεναμ","Άιντραχτ Φρανκφούρτης","Γκολ","Over/Under","1ο","Ημίχρονο",":","Over 4.5","40.00","|","Under 4.5","N/A","|"
"Τότεναμ","Άιντραχτ Φρανκφούρτης","Χάντικαπ",":","Τότεναμ (-4)","23.00","|","Ισοπαλία (Τότεναμ -4)","15.00","|","Άιντραχτ Φρανκφούρτης (+4)","1.03","|"
"Τότεναμ","Άιντραχτ Φρανκφούρτης","Χάντικαπ",":","Τότεναμ (-3)","13.00","|","Ισοπαλία (Τότεναμ -3)","8.75","|","Άιντραχτ Φρανκφούρτης (+3)","1.13","|"
"Τότεναμ","Άιντραχτ Φρανκφούρτης","Χάντικαπ",":","Τότεναμ (-2)","5.90","|","Ισοπαλία (Τότεναμ -2)","5.10","|","Άιντραχτ Φρανκφούρτης (+2)","1.40","|"
"Τότεναμ","Άιντραχτ Φρανκφούρτης","Χάντικαπ",":","Τότεναμ (-1)","3.00","|","Ισοπαλία (Τότεναμ -1)","3.80","|","Άιντραχτ Φρανκφούρτης (+1)","2.09","|"
"Τότεναμ","Άιντραχτ Φρανκφούρτης","Χάντικαπ",":","Τότεναμ (+1)","1.25","|","Ισοπαλία (Τότεναμ +1)","5.90","|","Άιντραχτ Φρανκφούρτης (-1)","9.00","|"
"Τότεναμ","Άιντραχτ Φρανκφούρτης","Χάντικαπ",":","Τότεναμ (+2)","1.05","|","Ισοπαλία (Τότεναμ +2)","12.00","|","Άιντραχτ Φρανκφούρτης (-2)","24.00","|"
"Τότεναμ","Άιντραχτ Φρανκφούρτης","Χάντικαπ",":","Option 1","N/A","|","Ισοπαλία (Τότεναμ +3)","29.00","|","Άιντραχτ Φρανκφούρτης (-3)","60.00","|"
"Τότεναμ","Άιντραχτ Φρανκφούρτης","Ασιατικό","Χάντικαπ",":","-3.5","13.00","|","+3.5","1.03","|"
"Τότεναμ","Άιντραχτ Φρανκφούρτης","Ασιατικό","Χάντικαπ",":","-3","10.00","|","+3","1.06","|"
"Τότεναμ","Άιντραχτ Φρανκφούρτης","Ασιατικό","Χάντικαπ",":","-2.5","5.60","|","+2.5","1.16","|"
"Τότεναμ","Άιντραχτ Φρανκφούρτης","Ασιατικό","Χάντικαπ",":","-2.25","5.40","|","+2.25","1.16","|"
"Τότεναμ","Άιντραχτ Φρανκφούρτης","Ασιατικό","Χάντικαπ",":","-2","4.95","|","+2","1.19","|"
"Τότεναμ","Άιντραχτ Φρανκφούρτης","Ασιατικό","Χάντικαπ",":","-1.75","3.60","|","+1.75","1.30","|"
"Τότεναμ","Άιντραχτ Φρανκφούρτης","Ασιατικό","Χάντικαπ",":","-1.5","2.97","|","+1.5","1.41","|"
"Τότεναμ","Άιντραχτ Φρανκφούρτης","Ασιατικό","Χάντικαπ",":","-1.25","2.65","|","+1.25","1.51","|"
"Τότεναμ","Άιντραχτ Φρανκφούρτης","Ασιατικό","Χάντικαπ",":","-1","2.33","|","+1","1.63","|"
"Τότεναμ","Άιντραχτ Φρανκφούρτης","Ασιατικό","Χάντικαπ",":","-0.75","1.97","|","+0.75","1.87","|"
"Τότεναμ","Άιντραχτ Φρανκφούρτης","Ασιατικό","Χάντικαπ",":","-0.5","1.77","|","+0.5","2.11","|"
"Τότεναμ","Άιντραχτ Φρανκφούρτης","Ασιατικό","Χάντικαπ",":","-0.25","1.56","|","+0.25","2.49","|"
"Τότεναμ","Άιντραχτ Φρανκφούρτης","Ασιατικό","Χάντικαπ",":","0","1.35","|","0","3.35","|"
"Τότεναμ","Άιντραχτ Φρανκφούρτης","Ασιατικό","Χάντικαπ",":","+0.25","1.30","|","-0.25","3.65","|"
"Τότεναμ","Άιντραχτ Φρανκφούρτης","Ασιατικό","Χάντικαπ",":","+0.5","1.25","|","-0.5","4.15","|"
"Τότεναμ","Άιντραχτ Φρανκφούρτης","Ασιατικό","Χάντικαπ",":","+0.75","1.17","|","-0.75","5.30","|"
"Τότεναμ","Άιντραχτ Φρανκφούρτης","Ασιατικό","Χάντικαπ",":","+1","1.08","|","-1","8.25","|"
"Τότεναμ","Άιντραχτ Φρανκφούρτης","Ασιατικό","Χάντικαπ",":","+1.25","1.08","|","-1.25","8.50","|"
"Τότεναμ","Άιντραχτ Φρανκφούρτης","Ασιατικό","Χάντικαπ",":","+1.5","1.07","|","-1.5","9.00","|"
"Τότεναμ","Άιντραχτ Φρανκφούρτης","Ασιατικό","Χάντικαπ",":","+1.75","1.04","|","-1.75","12.50","|"
"Τότεναμ","Άιντραχτ Φρανκφούρτης","Ασιατικό","Χάντικαπ",":","+2","1.004","|","-2","23.00","|"
"Τότεναμ","Άιντραχτ Φρανκφούρτης","Ασιατικό","Χάντικαπ","1ο","Ημίχρονο",":","-2","18.50","|","+2","1.01","|"
"Τότεναμ","Άιντραχτ Φρανκφούρτης","Ασιατικό","Χάντικαπ","1ο","Ημίχρονο",":","-1.75","8.75","|","+1.75","1.07","|"
"Τότεναμ","Άιντραχτ Φρανκφούρτης","Ασιατικό","Χάντικαπ","1ο","Ημίχρονο",":","-1.5","5.80","|","+1.5","1.15","|"
"Τότεναμ","Άιντραχτ Φρανκφούρτης","Ασιατικό","Χάντικαπ","1ο","Ημίχρονο",":","-1.25","5.40","|","+1.25","1.16","|"
"Τότεναμ","Άιντραχτ Φρανκφούρτης","Ασιατικό","Χάντικαπ","1ο","Ημίχρονο",":","-1","4.60","|","+1","1.21","|"
"Τότεναμ","Άιντραχτ Φρανκφούρτης","Ασιατικό","Χάντικαπ","1ο","Ημίχρονο",":","-0.75","2.95","|","+0.75","1.42","|"
"Τότεναμ","Άιντραχτ Φρανκφούρτης","Ασιατικό","Χάντικαπ","1ο","Ημίχρονο",":","-0.5","2.32","|","+0.5","1.64","|"
"Τότεναμ","Άιντραχτ Φρανκφούρτης","Ασιατικό","Χάντικαπ","1ο","Ημίχρονο",":","-0.25","1.89","|","+0.25","1.95","|"
"Τότεναμ","Άιντραχτ Φρανκφούρτης","Ασιατικό","Χάντικαπ","1ο","Ημίχρονο",":","0","1.44","|","0","2.87","|"
"Τότεναμ","Άιντραχτ Φρανκφούρτης","Ασιατικό","Χάντικαπ","1ο","Ημίχρονο",":","+0.25","1.30","|","-0.25","3.70","|"
"Τότεναμ","Άιντραχτ Φρανκφούρτης","Ασιατικό","Χάντικαπ","1ο","Ημίχρονο",":","+0.5","1.23","|","-0.5","4.35","|"
"Τότεναμ","Άιντραχτ Φρανκφούρτης","Ασιατικό","Χάντικαπ","1ο","Ημίχρονο",":","+0.75","1.13","|","-0.75","6.30","|"
"Τότεναμ","Άιντραχτ Φρανκφούρτης","Ασιατικό","Χάντικαπ","1ο","Ημίχρονο",":","+1","1.03","|","-1","14.00","|"
"Τότεναμ","Άιντραχτ Φρανκφούρτης","Ασιατικό","Χάντικαπ","1ο","Ημίχρονο",":","+1.25","1.02","|","-1.25","15.00","|"
"Τότεναμ","Άιντραχτ Φρανκφούρτης","Ασιατικό","Χάντικαπ","1ο","Ημίχρονο",":","+1.5","1.02","|","-1.5","16.00","|"
"Τότεναμ","Άιντραχτ Φρανκφούρτης","Ασιατικό","Χάντικαπ","1ο","Ημίχρονο",":","Τότεναμ","N/A","|","-1.75","24.00","|"
"Τότεναμ","Άιντραχτ Φρανκφούρτης","Ασιατικό","Χάντικαπ","1ο","Ημίχρονο",":","Τότεναμ","N/A","|","-2","60.00","|"
"Τότεναμ","Άιντραχτ Φρανκφούρτης","Ισοπαλία","Όχι","Στοίχημα",":","Τότεναμ","1.33","|","Άιντραχτ Φρανκφούρτης","3.25","|"
"Τότεναμ","Άιντραχτ Φρανκφούρτης","Γηπεδούχος","Όχι","Στοίχημα",":","Άιντραχτ Φρανκφούρτης","2.02","|","Ισοπαλία","1.79","|"
"Τότεναμ","Άιντραχτ Φρανκφούρτης","Φιλοξενούμενος","Όχι","Στοίχημα",":","Τότεναμ","1.39","|","Ισοπαλία","2.97","|"
"Τότεναμ","Άιντραχτ Φρανκφούρτης","Ημίχρονο/Τελικό",":","Τότεναμ / Τότεναμ","2.75","|","Τότεναμ / Ισοπαλία","15.00","|","Τότεναμ / Άιντραχτ Φρανκφούρτης","35.00","|"
"Τότεναμ","Άιντραχτ Φρανκφούρτης","Ημίχρονο/Τελικό",":","Ισοπαλία / Τότεναμ","5.00","|","Ισοπαλία / Ισοπαλία","6.30","|","Ισοπαλία / Άιντραχτ Φρανκφούρτης","9.25","|"
"Τότεναμ","Άιντραχτ Φρανκφούρτης","Ημίχρονο/Τελικό",":","Άιντραχτ Φρανκφούρτης / Άιντραχτ Φρανκφούρτης","6.80","|","Άιντραχτ Φρανκφούρτης / Ισοπαλία","15.00","|","Άιντραχτ Φρανκφούρτης / Τότεναμ","22.00","|"
"Τότεναμ","Άιντραχτ Φρανκφούρτης","Ημίχρονο","Ή","Τελικό",":","Τότεναμ","1.48","|","Ισοπαλία","1.81","|","Άιντραχτ Φρανκφούρτης","2.92","|"
"Τότεναμ","Άιντραχτ Φρανκφούρτης","Να","Κερδίσει","και","τα","2","Ημίχρονα",":","Τότεναμ","4.65","|","Άιντραχτ Φρανκφούρτης","16.50","|"
"Τότεναμ","Άιντραχτ Φρανκφούρτης","Γκολ","Και","Στα","2","Ημίχρονα",":","Ναι","1.61","|","Όχι","2.15","|"
"Τότεναμ","Άιντραχτ Φρανκφούρτης","Να","Σκοράρει","και","Στα","2","Ημίχρονα",":","Τότεναμ","2.45","|","Άιντραχτ Φρανκφούρτης","4.90","|"
"Τότεναμ","Άιντραχτ Φρανκφούρτης","Να","Βρεθεί","Πίσω","στο","Σκορ","Και","να","Κερδίσει",":","Τότεναμ","8.25","|","Άιντραχτ Φρανκφούρτης","15.00","|"
"Τότεναμ","Άιντραχτ Φρανκφούρτης","Σύνολο","Γκολ",":","0","12.50","|","1","5.10","|","2","3.70","|","3","3.85","|","4","5.10","|","5","8.50","|","6","15.50","|","7","31.00","|"
"Τότεναμ","Άιντραχτ Φρανκφούρτης","Σύνολο","Γκολ",":","0-4","1.15","|","0-2","2.02","|","0-3","1.39","|","0-5","1.05","|","0-1","3.90","|","1-5","1.10","|","1-3","1.51","|","1-4","1.22","|","1-2","2.28","|","2-3","2.00","|","2-4","1.51","|","2-5","1.33","|","2-6","1.26","|","3-4","2.35","|","3-5","1.93","|","3-6","1.78","|","4-6","3.00","|","4-5","3.45","|"
"Τότεναμ","Άιντραχτ Φρανκφούρτης","Σύνολο","Γκολ",":","1","1.03","|","2","1.22","|","3","1.70","|","4","2.77","|","5","5.20","|","6","10.50","|","7","23.00","|"
"Τότεναμ","Άιντραχτ Φρανκφούρτης","Ακριβές","Σκορ",":","1:0","7.90","|","2:0","8.50","|","2:1","7.60","|","3:0","13.00","|","3:1","12.00","|","3:2","19.50","|","4:0","25.00","|","4:1","25.00","|","4:2","40.00","|","4:3","80.00","|","5:0","55.00","|","5:1","60.00","|","5:2","80.00","|","5:3","125.00","|","5:4","175.00","|","6:0","100.00","|","6:1","100.00","|","6:2","125.00","|","6:3","175.00","|","6:4","175.00","|","7:0","125.00","|","7:1","125.00","|","7:2","125.00","|","7:3","175.00","|","8:0","175.00","|","8:1","175.00","|","8:2","200.00","|","9:0","125.00","|","10:0","125.00","|"
"Τότεναμ","Άιντραχτ Φρανκφούρτης","Ακριβές","Σκορ",":","0:0","11.50","|","1:1","6.90","|","2:2","12.50","|","3:3","40.00","|","4:4","125.00","|","5:5","200.00","|"
"Τότεναμ","Άιντραχτ Φρανκφούρτης","Ακριβές","Σκορ",":","0:1","12.50","|","0:2","22.00","|","1:2","12.50","|","0:3","50.00","|","1:3","32.00","|","2:3","33.00","|","0:4","100.00","|","1:4","85.00","|","2:4","80.00","|","3:4","100.00","|","0:5","125.00","|","1:5","125.00","|","2:5","150.00","|","3:5","175.00","|","4:5","150.00","|","0:6","175.00","|","1:6","175.00","|","2:6","150.00","|","3:6","200.00","|","0:7","125.00","|","1:7","125.00","|","0:8","125.00","|","0:9","125.00","|"
"Τότεναμ","Άιντραχτ Φρανκφούρτης","Αποτέλεσμα","και","Over/Under","1.5",":","Over None","2.00","|","Under None","7.80","|"
"Τότεναμ","Άιντραχτ Φρανκφούρτης","Αποτέλεσμα","και","Over/Under","1.5",":","Over None","4.80","|","Under None","13.00","|"
"Τότεναμ","Άιντραχτ Φρανκφούρτης","Αποτέλεσμα","και","Over/Under","1.5",":","Over None","5.00","|","Under None","12.00","|"
"Τότεναμ","Άιντραχτ Φρανκφούρτης","Αποτέλεσμα","και","Over/Under","2.5",":","Over None","2.55","|","Under None","4.40","|"
"Τότεναμ","Άιντραχτ Φρανκφούρτης","Αποτέλεσμα","και","Over/Under","2.5",":","Over None","12.00","|","Under None","5.10","|"
"Τότεναμ","Άιντραχτ Φρανκφούρτης","Αποτέλεσμα","και","Over/Under","2.5",":","Over None","6.30","|","Under None","8.50","|"
"Τότεναμ","Άιντραχτ Φρανκφούρτης","Αποτέλεσμα","και","Over/Under","3.5",":","Over None","4.35","|","Under None","2.55","|"
"Τότεναμ","Άιντραχτ Φρανκφούρτης","Αποτέλεσμα","και","Over/Under","3.5",":","Over None","11.50","|","Under None","5.10","|"
"Τότεναμ","Άιντραχτ Φρανκφούρτης","Αποτέλεσμα","και","Over/Under","3.5",":","Over None","12.50","|","Under None","5.10","|"
"Τότεναμ","Άιντραχτ Φρανκφούρτης","Αποτέλεσμα","και","Over/Under","4.5",":","Over None","7.20","|","Under None","2.04","|"
"Τότεναμ","Άιντραχτ Φρανκφούρτης","Αποτέλεσμα","και","Over/Under","4.5",":","Over None","45.00","|","Under None","3.90","|"
"Τότεναμ","Άιντραχτ Φρανκφούρτης","Αποτέλεσμα","και","Over/Under","4.5",":","Over None","19.00","|","Under None","4.45","|"
"Τότεναμ","Άιντραχτ Φρανκφούρτης","Αποτέλεσμα","και","Over/Under","5.5",":","Over None","16.00","|","Under None","1.79","|"
"Τότεναμ","Άιντραχτ Φρανκφούρτης","Αποτέλεσμα","και","Over/Under","5.5",":","Over None","46.00","|","Under None","3.90","|"
"Τότεναμ","Άιντραχτ Φρανκφούρτης","Αποτέλεσμα","και","Over/Under","5.5",":","Over None","47.00","|","Under None","4.00","|"
"Τότεναμ","Άιντραχτ Φρανκφούρτης","Αποτέλεσμα","Και","Να","Σκοράρουν","Και","Οι","Δύο","Ομάδες","(6πλής","Επιλογής)",":","1 Και Όχι","3.10","|","1 Και Ναι","3.20","|"
"Τότεναμ","Άιντραχτ Φρανκφούρτης","Αποτέλεσμα","Και","Να","Σκοράρουν","Και","Οι","Δύο","Ομάδες","(6πλής","Επιλογής)",":","Ισοπαλία Και Όχι","11.50","|","Ισοπαλία Και Ναι","4.65","|"
"Τότεναμ","Άιντραχτ Φρανκφούρτης","Αποτέλεσμα","Και","Να","Σκοράρουν","Και","Οι","Δύο","Ομάδες","(6πλής","Επιλογής)",":","2 Και Ναι","7.10","|","2 Και Όχι","7.70","|"
"Τότεναμ","Άιντραχτ Φρανκφούρτης","Να","Σκοράρουν","Και","Οι","Δύο","Ομάδες","και","Over/Under","2.5",":","Ναι και Over 2.5","2.05","|","Όχι και Under 2.5","2.65","|","Ναι και Under 2.5","7.00","|","Όχι και Over 2.5","7.50","|"
"Τότεναμ","Άιντραχτ Φρανκφούρτης","Να","Σκοράρουν","Και","Οι","Δύο","Ομάδες","και","Over/Under","3.5",":","Όχι και Under 3.5","2.25","|","Ναι και Over 3.5","3.00","|","Ναι και Under 3.5","3.25","|","Όχι και Over 3.5","17.50","|"
"Τότεναμ","Άιντραχτ Φρανκφούρτης","Να","Σκοράρουν","Και","Οι","Δύο","Ομάδες","και","Over/Under","4.5",":","Όχι και Under 4.5","2.10","|","Ναι και Under 4.5","2.25","|","Ναι και Over 4.5","5.20","|","Όχι και Over 4.5","29.00","|"
"Τότεναμ","Άιντραχτ Φρανκφούρτης","Να","Σκοράρουν","Και","Οι","Δύο","Ομάδες","και","Over/Under","5.5",":","Ναι και Under 5.5","1.90","|","Όχι και Under 5.5","2.05","|","Ναι και Over 5.5","9.50","|","Όχι και Over 5.5","55.00","|"
