"Μπόντο Γκλιμτ","Λάτσιο","Europa League","Τελικό","Αποτέλεσμα",":","Μπόντο Γκλιμτ","3.35","|","Ισοπαλία","3.60","|","Λάτσιο","2.18","|"
"Μπόντο Γκλιμτ","Λάτσιο","Europa League","Πρόκριση","Αγώνας",":","Μπόντο Γκλιμτ","4.10","|","Λάτσιο","1.25","|"
"Μπόντο Γκλιμτ","Λάτσιο","Europa League","Διπλή","Ευκαιρία",":","Μπόντο Γκλιμτ ή Ισοπαλία","1.75","|","Μπόντο Γκλιμτ ή Λάτσιο","1.34","|","Λάτσιο ή Ισοπαλία","1.35","|"
"Μπόντο Γκλιμτ","Λάτσιο","Europa League","Γκολ","Over/Under",":","Over 0.5","1.06","|","Under 0.5","10.00","|"
"Μπόντο Γκλιμτ","Λάτσιο","Europa League","Γκολ","Over/Under",":","Over 1.25","1.18","|","Under 1.25","5.00","|"
"Μπόντο Γκλιμτ","Λάτσιο","Europa League","Γκολ","Over/Under",":","Over 1.5","1.31","|","Under 1.5","3.60","|"
"Μπόντο Γκλιμτ","Λάτσιο","Europa League","Γκολ","Over/Under",":","Over 1.75","1.37","|","Under 1.75","3.20","|"
"Μπόντο Γκλιμτ","Λάτσιο","Europa League","Γκολ","Over/Under",":","Over 2","1.46","|","Under 2","2.80","|"
"Μπόντο Γκλιμτ","Λάτσιο","Europa League","Γκολ","Over/Under",":","Over 2.25","1.69","|","Under 2.25","2.23","|"
"Μπόντο Γκλιμτ","Λάτσιο","Europa League","Γκολ","Over/Under",":","Over 2.5","1.94","|","Under 2.5","1.90","|"
"Μπόντο Γκλιμτ","Λάτσιο","Europa League","Γκολ","Over/Under",":","Over 2.75","2.15","|","Under 2.75","1.74","|"
"Μπόντο Γκλιμτ","Λάτσιο","Europa League","Γκολ","Over/Under",":","Over 3","2.62","|","Under 3","1.51","|"
"Μπόντο Γκλιμτ","Λάτσιο","Europa League","Γκολ","Over/Under",":","Over 3.25","2.97","|","Under 3.25","1.42","|"
"Μπόντο Γκλιμτ","Λάτσιο","Europa League","Γκολ","Over/Under",":","Over 3.5","3.30","|","Under 3.5","1.35","|"
"Μπόντο Γκλιμτ","Λάτσιο","Europa League","Γκολ","Over/Under",":","Over 3.75","4.05","|","Under 3.75","1.26","|"
"Μπόντο Γκλιμτ","Λάτσιο","Europa League","Γκολ","Over/Under",":","Over 4","5.70","|","Under 4","1.15","|"
"Μπόντο Γκλιμτ","Λάτσιο","Europa League","Γκολ","Over/Under",":","Over 4.25","6.00","|","Under 4.25","1.14","|"
"Μπόντο Γκλιμτ","Λάτσιο","Europa League","Γκολ","Over/Under",":","Over 4.5","6.30","|","Under 4.5","1.13","|"
"Μπόντο Γκλιμτ","Λάτσιο","Europa League","Γκολ","Over/Under",":","Over 5.5","13.00","|","Under 5.5","1.03","|"
"Μπόντο Γκλιμτ","Λάτσιο","Europa League","Γκολ","Over/Under",":","Over 6.5","25.00","|","Under 6.5","N/A","|"
"Μπόντο Γκλιμτ","Λάτσιο","Europa League","Γκολ","Over/Under",":","Over 7.5","50.00","|","Under 7.5","N/A","|"
"Μπόντο Γκλιμτ","Λάτσιο","Europa League","Να","Σκοράρουν","Και","Οι","Δύο","Ομάδες",":","Ναι","1.75","|","Όχι","2.08","|"
"Μπόντο Γκλιμτ","Λάτσιο","Europa League","Να","Σκοράρουν","Και","Οι","Δύο","Ομάδες","ή","Over","2.5",":","Ναι","1.57","|","Όχι (2-0, 1-0, 0-0, 0-1 ή 0-2)","2.34","|"
"Μπόντο Γκλιμτ","Λάτσιο","Europa League","Τελικό","Αποτέλεσμα","1ο","Ημίχρονο",":","Μπόντο Γκλιμτ","3.90","|","Ισοπαλία","2.19","|","Λάτσιο","2.85","|"
"Μπόντο Γκλιμτ","Λάτσιο","Europa League","Γκολ","Over/Under","1ο","Ημίχρονο",":","Over 0.5","1.43","|","Under 0.5","2.92","|"
"Μπόντο Γκλιμτ","Λάτσιο","Europa League","Γκολ","Over/Under","1ο","Ημίχρονο",":","Over 0.75","1.58","|","Under 0.75","2.44","|"
"Μπόντο Γκλιμτ","Λάτσιο","Europa League","Γκολ","Over/Under","1ο","Ημίχρονο",":","Over 1","1.94","|","Under 1","1.90","|"
"Μπόντο Γκλιμτ","Λάτσιο","Europa League","Γκολ","Over/Under","1ο","Ημίχρονο",":","Over 1.25","2.43","|","Under 1.25","1.59","|"
"Μπόντο Γκλιμτ","Λάτσιο","Europa League","Γκολ","Over/Under","1ο","Ημίχρονο",":","Over 1.5","2.87","|","Under 1.5","1.44","|"
"Μπόντο Γκλιμτ","Λάτσιο","Europa League","Γκολ","Over/Under","1ο","Ημίχρονο",":","Over 1.75","3.80","|","Under 1.75","1.28","|"
"Μπόντο Γκλιμτ","Λάτσιο","Europa League","Γκολ","Over/Under","1ο","Ημίχρονο",":","Over 2","6.10","|","Under 2","1.14","|"
"Μπόντο Γκλιμτ","Λάτσιο","Europa League","Γκολ","Over/Under","1ο","Ημίχρονο",":","Over 2.25","6.80","|","Under 2.25","1.11","|"
"Μπόντο Γκλιμτ","Λάτσιο","Europa League","Γκολ","Over/Under","1ο","Ημίχρονο",":","Over 2.5","7.20","|","Under 2.5","1.10","|"
"Μπόντο Γκλιμτ","Λάτσιο","Europa League","Γκολ","Over/Under","1ο","Ημίχρονο",":","Over 3.5","20.00","|","Under 3.5","1.01","|"
"Μπόντο Γκλιμτ","Λάτσιο","Europa League","Γκολ","Over/Under","1ο","Ημίχρονο",":","Over 4.5","49.00","|","Under 4.5","N/A","|"
"Μπόντο Γκλιμτ","Λάτσιο","Europa League","Χάντικαπ",":","Μπόντο Γκλιμτ (-3)","47.00","|","Ισοπαλία (Λάτσιο +3)","21.00","|","Option 3","N/A","|"
"Μπόντο Γκλιμτ","Λάτσιο","Europa League","Χάντικαπ",":","Μπόντο Γκλιμτ (-2)","17.50","|","Ισοπαλία (Λάτσιο +2)","9.25","|","Λάτσιο (+2)","1.09","|"
"Μπόντο Γκλιμτ","Λάτσιο","Europa League","Χάντικαπ",":","Μπόντο Γκλιμτ (-1)","6.90","|","Ισοπαλία (Λάτσιο +1)","4.90","|","Λάτσιο (+1)","1.38","|"
"Μπόντο Γκλιμτ","Λάτσιο","Europa League","Χάντικαπ",":","Μπόντο Γκλιμτ (+1)","1.74","|","Ισοπαλία (Λάτσιο -1)","3.90","|","Λάτσιο (-1)","4.00","|"
"Μπόντο Γκλιμτ","Λάτσιο","Europa League","Χάντικαπ",":","Μπόντο Γκλιμτ (+2)","1.25","|","Ισοπαλία (Λάτσιο -2)","6.10","|","Λάτσιο (-2)","9.00","|"
"Μπόντο Γκλιμτ","Λάτσιο","Europa League","Χάντικαπ",":","Μπόντο Γκλιμτ (+3)","1.05","|","Ισοπαλία (Λάτσιο -3)","12.00","|","Λάτσιο (-3)","22.00","|"
"Μπόντο Γκλιμτ","Λάτσιο","Europa League","Ασιατικό","Χάντικαπ",":","-2","16.50","|","+2","1.02","|"
"Μπόντο Γκλιμτ","Λάτσιο","Europa League","Ασιατικό","Χάντικαπ",":","-1.75","9.25","|","+1.75","1.07","|"
"Μπόντο Γκλιμτ","Λάτσιο","Europa League","Ασιατικό","Χάντικαπ",":","-1.5","7.30","|","+1.5","1.10","|"
"Μπόντο Γκλιμτ","Λάτσιο","Europa League","Ασιατικό","Χάντικαπ",":","-1.25","6.70","|","+1.25","1.12","|"
"Μπόντο Γκλιμτ","Λάτσιο","Europa League","Ασιατικό","Χάντικαπ",":","-1","6.10","|","+1","1.14","|"
"Μπόντο Γκλιμτ","Λάτσιο","Europa League","Ασιατικό","Χάντικαπ",":","-0.75","4.00","|","+0.75","1.26","|"
"Μπόντο Γκλιμτ","Λάτσιο","Europa League","Ασιατικό","Χάντικαπ",":","-0.5","3.20","|","+0.5","1.37","|"
"Μπόντο Γκλιμτ","Λάτσιο","Europa League","Ασιατικό","Χάντικαπ",":","-0.25","2.82","|","+0.25","1.45","|"
"Μπόντο Γκλιμτ","Λάτσιο","Europa League","Ασιατικό","Χάντικαπ",":","0","2.45","|","0","1.58","|"
"Μπόντο Γκλιμτ","Λάτσιο","Europa League","Ασιατικό","Χάντικαπ",":","+0.25","2.00","|","-0.25","1.85","|"
"Μπόντο Γκλιμτ","Λάτσιο","Europa League","Ασιατικό","Χάντικαπ",":","+0.5","1.76","|","-0.5","2.12","|"
"Μπόντο Γκλιμτ","Λάτσιο","Europa League","Ασιατικό","Χάντικαπ",":","+0.75","1.55","|","-0.75","2.50","|"
"Μπόντο Γκλιμτ","Λάτσιο","Europa League","Ασιατικό","Χάντικαπ",":","+1","1.36","|","-1","3.25","|"
"Μπόντο Γκλιμτ","Λάτσιο","Europa League","Ασιατικό","Χάντικαπ",":","+1.25","1.30","|","-1.25","3.65","|"
"Μπόντο Γκλιμτ","Λάτσιο","Europa League","Ασιατικό","Χάντικαπ",":","+1.5","1.25","|","-1.5","4.10","|"
"Μπόντο Γκλιμτ","Λάτσιο","Europa League","Ασιατικό","Χάντικαπ",":","+1.75","1.16","|","-1.75","5.50","|"
"Μπόντο Γκλιμτ","Λάτσιο","Europa League","Ασιατικό","Χάντικαπ",":","+2","1.09","|","-2","8.25","|"
"Μπόντο Γκλιμτ","Λάτσιο","Europa League","Ασιατικό","Χάντικαπ",":","+2.5","1.07","|","-2.5","9.50","|"
"Μπόντο Γκλιμτ","Λάτσιο","Europa League","Ασιατικό","Χάντικαπ","1ο","Ημίχρονο",":","-2","50.00","|","Λάτσιο","N/A","|"
"Μπόντο Γκλιμτ","Λάτσιο","Europa League","Ασιατικό","Χάντικαπ","1ο","Ημίχρονο",":","-1.75","20.00","|","+1.75","1.01","|"
"Μπόντο Γκλιμτ","Λάτσιο","Europa League","Ασιατικό","Χάντικαπ","1ο","Ημίχρονο",":","-1.5","13.50","|","+1.5","1.03","|"
"Μπόντο Γκλιμτ","Λάτσιο","Europa League","Ασιατικό","Χάντικαπ","1ο","Ημίχρονο",":","-1.25","12.00","|","+1.25","1.04","|"
"Μπόντο Γκλιμτ","Λάτσιο","Europa League","Ασιατικό","Χάντικαπ","1ο","Ημίχρονο",":","-1","11.50","|","+1","1.05","|"
"Μπόντο Γκλιμτ","Λάτσιο","Europa League","Ασιατικό","Χάντικαπ","1ο","Ημίχρονο",":","-0.75","5.30","|","+0.75","1.17","|"
"Μπόντο Γκλιμτ","Λάτσιο","Europa League","Ασιατικό","Χάντικαπ","1ο","Ημίχρονο",":","-0.5","3.75","|","+0.5","1.29","|"
"Μπόντο Γκλιμτ","Λάτσιο","Europa League","Ασιατικό","Χάντικαπ","1ο","Ημίχρονο",":","-0.25","3.10","|","+0.25","1.39","|"
"Μπόντο Γκλιμτ","Λάτσιο","Europa League","Ασιατικό","Χάντικαπ","1ο","Ημίχρονο",":","0","2.35","|","0","1.62","|"
"Μπόντο Γκλιμτ","Λάτσιο","Europa League","Ασιατικό","Χάντικαπ","1ο","Ημίχρονο",":","+0.25","1.69","|","-0.25","2.22","|"
"Μπόντο Γκλιμτ","Λάτσιο","Europa League","Ασιατικό","Χάντικαπ","1ο","Ημίχρονο",":","+0.5","1.47","|","-0.5","2.77","|"
"Μπόντο Γκλιμτ","Λάτσιο","Europa League","Ασιατικό","Χάντικαπ","1ο","Ημίχρονο",":","+0.75","1.29","|","-0.75","3.75","|"
"Μπόντο Γκλιμτ","Λάτσιο","Europa League","Ασιατικό","Χάντικαπ","1ο","Ημίχρονο",":","+1","1.13","|","-1","6.40","|"
"Μπόντο Γκλιμτ","Λάτσιο","Europa League","Ασιατικό","Χάντικαπ","1ο","Ημίχρονο",":","+1.25","1.10","|","-1.25","7.40","|"
"Μπόντο Γκλιμτ","Λάτσιο","Europa League","Ασιατικό","Χάντικαπ","1ο","Ημίχρονο",":","+1.5","1.09","|","-1.5","7.90","|"
"Μπόντο Γκλιμτ","Λάτσιο","Europa League","Ασιατικό","Χάντικαπ","1ο","Ημίχρονο",":","+1.75","1.04","|","-1.75","12.00","|"
"Μπόντο Γκλιμτ","Λάτσιο","Europa League","Ασιατικό","Χάντικαπ","1ο","Ημίχρονο",":","Μπόντο Γκλιμτ","N/A","|","-2","28.00","|"
"Μπόντο Γκλιμτ","Λάτσιο","Europa League","Ισοπαλία","Όχι","Στοίχημα",":","Μπόντο Γκλιμτ","2.42","|","Λάτσιο","1.56","|"
"Μπόντο Γκλιμτ","Λάτσιο","Europa League","Γηπεδούχος","Όχι","Στοίχημα",":","Λάτσιο","1.54","|","Ισοπαλία","2.48","|"
"Μπόντο Γκλιμτ","Λάτσιο","Europa League","Φιλοξενούμενος","Όχι","Στοίχημα",":","Ισοπαλία","1.94","|","Μπόντο Γκλιμτ","1.87","|"
"Μπόντο Γκλιμτ","Λάτσιο","Europa League","Ημίχρονο/Τελικό",":","Μπόντο Γκλιμτ / Μπόντο Γκλιμτ","5.30","|","Μπόντο Γκλιμτ / Ισοπαλία","15.00","|","Μπόντο Γκλιμτ / Λάτσιο","26.00","|"
"Μπόντο Γκλιμτ","Λάτσιο","Europa League","Ημίχρονο/Τελικό",":","Ισοπαλία / Μπόντο Γκλιμτ","7.50","|","Ισοπαλία / Ισοπαλία","5.50","|","Ισοπαλία / Λάτσιο","5.60","|"
"Μπόντο Γκλιμτ","Λάτσιο","Europa League","Ημίχρονο/Τελικό",":","Λάτσιο / Λάτσιο","3.40","|","Λάτσιο / Ισοπαλία","14.50","|","Λάτσιο / Μπόντο Γκλιμτ","32.00","|"
"Μπόντο Γκλιμτ","Λάτσιο","Europa League","Ημίχρονο","Ή","Τελικό",":","Μπόντο Γκλιμτ","2.42","|","Ισοπαλία","1.68","|","Λάτσιο","1.74","|"
"Μπόντο Γκλιμτ","Λάτσιο","Europa League","Να","Κερδίσει","και","τα","2","Ημίχρονα",":","Μπόντο Γκλιμτ","12.50","|","Λάτσιο","6.30","|"
"Μπόντο Γκλιμτ","Λάτσιο","Europa League","Γκολ","Και","Στα","2","Ημίχρονα",":","Ναι","1.75","|","Όχι","1.95","|"
"Μπόντο Γκλιμτ","Λάτσιο","Europa League","Να","Σκοράρει","και","Στα","2","Ημίχρονα",":","Μπόντο Γκλιμτ","4.40","|","Λάτσιο","3.15","|"
"Μπόντο Γκλιμτ","Λάτσιο","Europa League","Να","Βρεθεί","Πίσω","στο","Σκορ","Και","να","Κερδίσει",":","Μπόντο Γκλιμτ","12.50","|","Λάτσιο","9.75","|"
"Μπόντο Γκλιμτ","Λάτσιο","Europa League","Σύνολο","Γκολ",":","0","10.00","|","1","4.40","|","2","3.45","|","3","3.95","|","4","5.80","|","5","10.00","|","6","20.00","|","7","42.00","|"
"Μπόντο Γκλιμτ","Λάτσιο","Europa League","Σύνολο","Γκολ",":","0-2","1.79","|","0-4","1.10","|","0-1","3.30","|","0-5","1.03","|","0-3","1.29","|","1-5","1.10","|","1-2","2.06","|","1-3","1.42","|","1-4","1.19","|","2-6","1.32","|","2-3","1.96","|","2-4","1.53","|","2-5","1.38","|","3-5","2.11","|","3-6","1.97","|","3-4","2.50","|","4-6","3.50","|","4-5","4.00","|"
"Μπόντο Γκλιμτ","Λάτσιο","Europa League","Σύνολο","Γκολ",":","1","1.05","|","2","1.30","|","3","1.91","|","4","3.30","|","5","6.60","|","6","14.50","|","7","33.00","|"
"Μπόντο Γκλιμτ","Λάτσιο","Europa League","Ακριβές","Σκορ",":","1:0","9.75","|","2:0","16.50","|","2:1","10.50","|","3:0","34.00","|","3:1","25.00","|","3:2","28.00","|","4:0","80.00","|","4:1","65.00","|","4:2","80.00","|","4:3","100.00","|","5:0","125.00","|","5:1","125.00","|","5:2","125.00","|","5:3","150.00","|","5:4","175.00","|","6:0","175.00","|","6:1","150.00","|","6:2","125.00","|","6:3","175.00","|","7:0","125.00","|","7:1","125.00","|","8:0","125.00","|","9:0","125.00","|"
"Μπόντο Γκλιμτ","Λάτσιο","Europa League","Ακριβές","Σκορ",":","0:0","9.75","|","1:1","6.40","|","2:2","12.50","|","3:3","45.00","|","4:4","125.00","|"
"Μπόντο Γκλιμτ","Λάτσιο","Europa League","Ακριβές","Σκορ",":","0:1","7.60","|","0:2","9.75","|","1:2","8.25","|","0:3","18.50","|","1:3","15.50","|","2:3","24.00","|","0:4","40.00","|","1:4","40.00","|","2:4","60.00","|","3:4","95.00","|","0:5","95.00","|","1:5","90.00","|","2:5","100.00","|","3:5","175.00","|","4:5","150.00","|","0:6","175.00","|","1:6","125.00","|","2:6","125.00","|","3:6","150.00","|","0:7","125.00","|","1:7","125.00","|","2:7","175.00","|","0:8","125.00","|","0:9","125.00","|","0:10","125.00","|"
"Μπόντο Γκλιμτ","Λάτσιο","Europa League","Αποτέλεσμα","και","Over/Under","1.5",":","Over None","4.05","|","Under None","9.25","|"
"Μπόντο Γκλιμτ","Λάτσιο","Europa League","Αποτέλεσμα","και","Over/Under","1.5",":","Over None","4.60","|","Under None","10.50","|"
"Μπόντο Γκλιμτ","Λάτσιο","Europa League","Αποτέλεσμα","και","Over/Under","1.5",":","Over None","2.60","|","Under None","7.40","|"
"Μπόντο Γκλιμτ","Λάτσιο","Europa League","Αποτέλεσμα","και","Over/Under","2.5",":","Over None","5.20","|","Under None","6.30","|"
"Μπόντο Γκλιμτ","Λάτσιο","Europa League","Αποτέλεσμα","και","Over/Under","2.5",":","Over None","12.50","|","Under None","4.35","|"
"Μπόντο Γκλιμτ","Λάτσιο","Europa League","Αποτέλεσμα","και","Over/Under","2.5",":","Over None","3.35","|","Under None","4.50","|"
"Μπόντο Γκλιμτ","Λάτσιο","Europa League","Αποτέλεσμα","και","Over/Under","3.5",":","Over None","10.50","|","Under None","3.90","|"
"Μπόντο Γκλιμτ","Λάτσιο","Europa League","Αποτέλεσμα","και","Over/Under","3.5",":","Over None","12.50","|","Under None","4.35","|"
"Μπόντο Γκλιμτ","Λάτσιο","Europa League","Αποτέλεσμα","και","Over/Under","3.5",":","Over None","6.40","|","Under None","2.75","|"
"Μπόντο Γκλιμτ","Λάτσιο","Europa League","Αποτέλεσμα","και","Over/Under","4.5",":","Over None","17.00","|","Under None","3.40","|"
"Μπόντο Γκλιμτ","Λάτσιο","Europa League","Αποτέλεσμα","και","Over/Under","4.5",":","Over None","50.00","|","Under None","3.50","|"
"Μπόντο Γκλιμτ","Λάτσιο","Europa League","Αποτέλεσμα","και","Over/Under","4.5",":","Over None","11.00","|","Under None","2.34","|"
"Μπόντο Γκλιμτ","Λάτσιο","Europa League","Αποτέλεσμα","και","Over/Under","5.5",":","Over None","44.00","|","Under None","3.10","|"
"Μπόντο Γκλιμτ","Λάτσιο","Europa League","Αποτέλεσμα","και","Over/Under","5.5",":","Over None","50.00","|","Under None","3.50","|"
"Μπόντο Γκλιμτ","Λάτσιο","Europa League","Αποτέλεσμα","και","Over/Under","5.5",":","Over None","26.00","|","Under None","2.11","|"
"Μπόντο Γκλιμτ","Λάτσιο","Europa League","Αποτέλεσμα","Και","Να","Σκοράρουν","Και","Οι","Δύο","Ομάδες","(6πλής","Επιλογής)",":","1 Και Ναι","5.90","|","1 Και Όχι","5.40","|"
"Μπόντο Γκλιμτ","Λάτσιο","Europa League","Αποτέλεσμα","Και","Να","Σκοράρουν","Και","Οι","Δύο","Ομάδες","(6πλής","Επιλογής)",":","Ισοπαλία Και Ναι","4.30","|","Ισοπαλία Και Όχι","10.00","|"
"Μπόντο Γκλιμτ","Λάτσιο","Europa League","Αποτέλεσμα","Και","Να","Σκοράρουν","Και","Οι","Δύο","Ομάδες","(6πλής","Επιλογής)",":","2 Και Ναι","4.00","|","2 Και Όχι","3.65","|"
"Μπόντο Γκλιμτ","Λάτσιο","Europa League","Να","Σκοράρουν","Και","Οι","Δύο","Ομάδες","και","Over/Under","2.5",":","Ναι και Over 2.5","2.21","|","Όχι και Under 2.5","2.40","|","Ναι και Under 2.5","6.50","|","Όχι και Over 2.5","9.50","|"
"Μπόντο Γκλιμτ","Λάτσιο","Europa League","Να","Σκοράρουν","Και","Οι","Δύο","Ομάδες","και","Over/Under","3.5",":","Όχι και Under 3.5","2.08","|","Ναι και Under 3.5","3.10","|","Ναι και Over 3.5","3.35","|","Όχι και Over 3.5","26.00","|"
"Μπόντο Γκλιμτ","Λάτσιο","Europa League","Να","Σκοράρουν","Και","Οι","Δύο","Ομάδες","και","Over/Under","4.5",":","Όχι και Under 4.5","1.98","|","Ναι και Under 4.5","2.21","|","Ναι και Over 4.5","6.10","|","Όχι και Over 4.5","41.00","|"
"Μπόντο Γκλιμτ","Λάτσιο","Europa League","Να","Σκοράρουν","Και","Οι","Δύο","Ομάδες","και","Over/Under","5.5",":","Ναι και Under 5.5","1.82","|","Όχι και Under 5.5","1.95","|","Ναι και Over 5.5","12.50","|","Όχι και Over 5.5","80.00","|"
"Μπόντο Γκλιμτ","Λάτσιο","Europa League","Οποτεδήποτε","Σκόρερ",":","Kasper Hogh","3.25","|","Andreas Klausen Helmersen","4.00","|","Jeppe Kjaer","4.00","|","Jens Hauge Petter","4.50","|","Patrick Berg","4.50","|","Sondre Sorli","5.00","|","Ulrik Saltnes","5.50","|","Ole Didrik Blomberg","5.50","|","Daniel Joshua Bassi Jakobsen","5.50","|","Haakon Evjen","6.00","|","Fredrik Sjovold","6.50","|","Sondre Auklend","6.50","|","Isak Maatta","7.50","|","Syver Skundberg Skeide","8.50","|","Sondre Brunstad Fet","9.00","|","Gaute Hoberg Vetti","10.00","|","Haitam Alesami","11.00","|","Bjorkan Fredrik Andre","15.00","|","Jostein Gundersen","15.00","|","Villads Nielsen","17.00","|","Odin Luras Bjortuft","17.00","|","Brede Mathias Moe","17.00","|"
"Μπόντο Γκλιμτ","Λάτσιο","Europa League","Οποτεδήποτε","Σκόρερ",":","Castellanos Valentin","2.75","|","Boulaye Dia","3.50","|","Arijon Ibrahimovic","3.75","|","Pedro Rodriguez Ledesma","3.75","|","Gustav Isaksen","4.00","|","Mattia Zaccagni","4.00","|","Loum Tchaouna","4.50","|","Tijjani Noslin","4.50","|","Oluwafisayo Dele-Bashiru","5.50","|","Matias Vecino Vecino","6.00","|","Toma Basic","6.50","|","Samuel Gigot","7.50","|","Oliver Provstgaard","8.50","|","Tavares Nuno","8.50","|","Matteo Guendouzi","8.50","|","Nicolo Rovella","9.00","|","Reda Belahyane","10.00","|","Adam Marusic","11.00","|","Manuel Lazzari","11.00","|","Alessandro Milani","13.00","|","Filipe Bordon","13.00","|","Luca Pellegrini","13.00","|","Mario Gila Fuentes","15.00","|","Patric Gabarron Gil","17.00","|","Alessio Romagnoli","17.00","|","Elseid Hysaj","21.00","|"
"Μπόντο Γκλιμτ","Λάτσιο","Europa League","Παίκτης","Να","Σκοράρει","Το","1ο","Γκολ",":","Kasper Hogh","6.90","|","Jeppe Kjaer","8.75","|","Andreas Klausen Helmersen","8.75","|","Patrick Berg","9.75","|","Jens Hauge Petter","9.75","|","Sondre Sorli","10.50","|","Ole Didrik Blomberg","11.50","|","Daniel Joshua Bassi Jakobsen","11.50","|","Ulrik Saltnes","11.50","|","Haakon Evjen","12.50","|","Fredrik Sjovold","14.50","|","Sondre Auklend","14.50","|","Isak Maatta","16.50","|","Syver Skundberg Skeide","18.50","|","Sondre Brunstad Fet","20.00","|","Gaute Hoberg Vetti","22.00","|","Haitam Alesami","25.00","|","Jostein Gundersen","33.00","|","Bjorkan Fredrik Andre","33.00","|","Villads Nielsen","40.00","|","Brede Mathias Moe","40.00","|","Odin Luras Bjortuft","40.00","|"
"Μπόντο Γκλιμτ","Λάτσιο","Europa League","Παίκτης","Να","Σκοράρει","Το","1ο","Γκολ",":","Castellanos Valentin","5.40","|","Boulaye Dia","7.40","|","Pedro Rodriguez Ledesma","7.90","|","Arijon Ibrahimovic","7.90","|","Mattia Zaccagni","8.25","|","Gustav Isaksen","8.25","|","Tijjani Noslin","9.75","|","Loum Tchaouna","9.75","|","Oluwafisayo Dele-Bashiru","11.50","|","Matias Vecino Vecino","12.50","|","Toma Basic","14.50","|","Samuel Gigot","16.50","|","Oliver Provstgaard","18.50","|","Matteo Guendouzi","18.50","|","Tavares Nuno","18.50","|","Nicolo Rovella","20.00","|","Reda Belahyane","22.00","|","Adam Marusic","25.00","|","Manuel Lazzari","25.00","|","Luca Pellegrini","28.00","|","Alessandro Milani","28.00","|","Filipe Bordon","28.00","|","Mario Gila Fuentes","33.00","|","Alessio Romagnoli","40.00","|","Patric Gabarron Gil","40.00","|","Elseid Hysaj","50.00","|"
"Μπόντο Γκλιμτ","Λάτσιο","Europa League","Παίκτης","Να","Σκοράρει","Το","1ο","Γκολ",":"
"Μπόντο Γκλιμτ","Λάτσιο","Europa League","Να","Σκοράρει","2","ή","Περισσότερα","Γκολ",":","Castellanos Valentin 2 ή περισσότερα","11.00","|","Kasper Hogh 2 ή περισσότερα","17.00","|","Boulaye Dia 2 ή περισσότερα","19.00","|","Arijon Ibrahimovic 2 ή περισσότερα","21.00","|","Pedro Rodriguez Ledesma 2 ή περισσότερα","21.00","|","Gustav Isaksen 2 ή περισσότερα","23.00","|","Mattia Zaccagni 2 ή περισσότερα","23.00","|","Andreas Klausen Helmersen 2 ή περισσότερα","26.00","|","Jeppe Kjaer 2 ή περισσότερα","26.00","|","Jens Hauge Petter 2 ή περισσότερα","29.00","|","Loum Tchaouna 2 ή περισσότερα","29.00","|","Tijjani Noslin 2 ή περισσότερα","29.00","|","Patrick Berg 2 ή περισσότερα","29.00","|","Sondre Sorli 2 ή περισσότερα","34.00","|","Ole Didrik Blomberg 2 ή περισσότερα","41.00","|","Ulrik Saltnes 2 ή περισσότερα","41.00","|","Oluwafisayo Dele-Bashiru 2 ή περισσότερα","41.00","|","Daniel Joshua Bassi Jakobsen 2 ή περισσότερα","41.00","|","Matias Vecino Vecino 2 ή περισσότερα","50.00","|","Haakon Evjen 2 ή περισσότερα","50.00","|","Toma Basic 2 ή περισσότερα","65.00","|","Sondre Auklend 2 ή περισσότερα","65.00","|","Fredrik Sjovold 2 ή περισσότερα","65.00","|","Samuel Gigot 2 ή περισσότερα","80.00","|","Isak Maatta 2 ή περισσότερα","80.00","|","Reda Belahyane 2 ή περισσότερα","100.00","|","Haitam Alesami 2 ή περισσότερα","100.00","|","Oliver Provstgaard 2 ή περισσότερα","100.00","|","Nicolo Rovella 2 ή περισσότερα","100.00","|","Sondre Brunstad Fet 2 ή περισσότερα","100.00","|","Manuel Lazzari 2 ή περισσότερα","100.00","|","Gaute Hoberg Vetti 2 ή περισσότερα","100.00","|","Syver Skundberg Skeide 2 ή περισσότερα","100.00","|","Tavares Nuno 2 ή περισσότερα","100.00","|","Matteo Guendouzi 2 ή περισσότερα","100.00","|","Adam Marusic 2 ή περισσότερα","100.00","|","Filipe Bordon 2 ή περισσότερα","125.00","|","Alessandro Milani 2 ή περισσότερα","125.00","|","Jostein Gundersen 2 ή περισσότερα","125.00","|","Mario Gila Fuentes 2 ή περισσότερα","125.00","|","Bjorkan Fredrik Andre 2 ή περισσότερα","125.00","|","Luca Pellegrini 2 ή περισσότερα","125.00","|","Alessio Romagnoli 2 ή περισσότερα","150.00","|","Odin Luras Bjortuft 2 ή περισσότερα","150.00","|","Brede Mathias Moe 2 ή περισσότερα","150.00","|","Villads Nielsen 2 ή περισσότερα","150.00","|","Patric Gabarron Gil 2 ή περισσότερα","150.00","|","Elseid Hysaj 2 ή περισσότερα","200.00","|"
"Μπόντο Γκλιμτ","Λάτσιο","Europa League","Να","Σκοράρει","3","ή","Περισσότερα","Γκολ",":","Castellanos Valentin 3 ή περισσότερα","50.00","|","Jeppe Kjaer 3 ή περισσότερα","100.00","|","Kasper Hogh 3 ή περισσότερα","100.00","|","Mattia Zaccagni 3 ή περισσότερα","100.00","|","Boulaye Dia 3 ή περισσότερα","100.00","|","Pedro Rodriguez Ledesma 3 ή περισσότερα","100.00","|","Andreas Klausen Helmersen 3 ή περισσότερα","100.00","|","Gustav Isaksen 3 ή περισσότερα","100.00","|","Arijon Ibrahimovic 3 ή περισσότερα","100.00","|","Sondre Sorli 3 ή περισσότερα","125.00","|","Loum Tchaouna 3 ή περισσότερα","125.00","|","Tijjani Noslin 3 ή περισσότερα","125.00","|","Patrick Berg 3 ή περισσότερα","125.00","|","Jens Hauge Petter 3 ή περισσότερα","125.00","|","Ole Didrik Blomberg 3 ή περισσότερα","150.00","|","Ulrik Saltnes 3 ή περισσότερα","150.00","|","Matias Vecino Vecino 3 ή περισσότερα","150.00","|","Daniel Joshua Bassi Jakobsen 3 ή περισσότερα","150.00","|","Haakon Evjen 3 ή περισσότερα","150.00","|","Oluwafisayo Dele-Bashiru 3 ή περισσότερα","150.00","|","Toma Basic 3 ή περισσότερα","200.00","|","Fredrik Sjovold 3 ή περισσότερα","200.00","|","Sondre Auklend 3 ή περισσότερα","200.00","|","Isak Maatta 3 ή περισσότερα","250.00","|","Samuel Gigot 3 ή περισσότερα","250.00","|","Matteo Guendouzi 3 ή περισσότερα","350.00","|","Tavares Nuno 3 ή περισσότερα","350.00","|","Oliver Provstgaard 3 ή περισσότερα","350.00","|","Syver Skundberg Skeide 3 ή περισσότερα","350.00","|","Nicolo Rovella 3 ή περισσότερα","400.00","|","Sondre Brunstad Fet 3 ή περισσότερα","400.00","|","Manuel Lazzari 3 ή περισσότερα","500.00","|","Patric Gabarron Gil 3 ή περισσότερα","500.00","|","Mario Gila Fuentes 3 ή περισσότερα","500.00","|","Alessio Romagnoli 3 ή περισσότερα","500.00","|","Jostein Gundersen 3 ή περισσότερα","500.00","|","Haitam Alesami 3 ή περισσότερα","500.00","|","Alessandro Milani 3 ή περισσότερα","500.00","|","Elseid Hysaj 3 ή περισσότερα","500.00","|","Villads Nielsen 3 ή περισσότερα","500.00","|","Adam Marusic 3 ή περισσότερα","500.00","|","Brede Mathias Moe 3 ή περισσότερα","500.00","|","Odin Luras Bjortuft 3 ή περισσότερα","500.00","|","Bjorkan Fredrik Andre 3 ή περισσότερα","500.00","|","Luca Pellegrini 3 ή περισσότερα","500.00","|","Filipe Bordon 3 ή περισσότερα","500.00","|","Gaute Hoberg Vetti 3 ή περισσότερα","500.00","|","Reda Belahyane 3 ή περισσότερα","500.00","|"
"Λιόν","Μάντσεστερ Γιουνάιτεντ","Europa League","Τελικό","Αποτέλεσμα",":","Λιόν","2.57","|","Ισοπαλία","3.45","|","Μάντσεστερ Γιουνάιτεντ","2.82","|"
"Λιόν","Μάντσεστερ Γιουνάιτεντ","Europa League","Πρόκριση","Αγώνας",":","Λιόν","2.45","|","Μάντσεστερ Γιουνάιτεντ","1.58","|"
"Λιόν","Μάντσεστερ Γιουνάιτεντ","Europa League","Διπλή","Ευκαιρία",":","Λιόν ή Ισοπαλία","1.48","|","Λιόν ή Μάντσεστερ Γιουνάιτεντ","1.34","|","Μάντσεστερ Γιουνάιτεντ ή Ισοπαλία","1.56","|"
"Λιόν","Μάντσεστερ Γιουνάιτεντ","Europa League","Γκολ","Over/Under",":","Over 0.5","1.06","|","Under 0.5","10.00","|"
"Λιόν","Μάντσεστερ Γιουνάιτεντ","Europa League","Γκολ","Over/Under",":","Over 1.25","1.18","|","Under 1.25","5.10","|"
"Λιόν","Μάντσεστερ Γιουνάιτεντ","Europa League","Γκολ","Over/Under",":","Over 1.5","1.29","|","Under 1.5","3.75","|"
"Λιόν","Μάντσεστερ Γιουνάιτεντ","Europa League","Γκολ","Over/Under",":","Over 1.75","1.36","|","Under 1.75","3.25","|"
"Λιόν","Μάντσεστερ Γιουνάιτεντ","Europa League","Γκολ","Over/Under",":","Over 2","1.44","|","Under 2","2.87","|"
"Λιόν","Μάντσεστερ Γιουνάιτεντ","Europa League","Γκολ","Over/Under",":","Over 2.25","1.67","|","Under 2.25","2.25","|"
"Λιόν","Μάντσεστερ Γιουνάιτεντ","Europa League","Γκολ","Over/Under",":","Over 2.5","1.89","|","Under 2.5","1.95","|"
"Λιόν","Μάντσεστερ Γιουνάιτεντ","Europa League","Γκολ","Over/Under",":","Over 2.75","2.13","|","Under 2.75","1.75","|"
"Λιόν","Μάντσεστερ Γιουνάιτεντ","Europa League","Γκολ","Over/Under",":","Over 3","2.52","|","Under 3","1.55","|"
"Λιόν","Μάντσεστερ Γιουνάιτεντ","Europa League","Γκολ","Over/Under",":","Over 3.25","2.77","|","Under 3.25","1.46","|"
"Λιόν","Μάντσεστερ Γιουνάιτεντ","Europa League","Γκολ","Over/Under",":","Over 3.5","3.20","|","Under 3.5","1.37","|"
"Λιόν","Μάντσεστερ Γιουνάιτεντ","Europa League","Γκολ","Over/Under",":","Over 3.75","3.75","|","Under 3.75","1.28","|"
"Λιόν","Μάντσεστερ Γιουνάιτεντ","Europa League","Γκολ","Over/Under",":","Over 4","5.30","|","Under 4","1.17","|"
"Λιόν","Μάντσεστερ Γιουνάιτεντ","Europa League","Γκολ","Over/Under",":","Over 4.25","5.50","|","Under 4.25","1.16","|"
"Λιόν","Μάντσεστερ Γιουνάιτεντ","Europa League","Γκολ","Over/Under",":","Over 4.5","6.00","|","Under 4.5","1.14","|"
"Λιόν","Μάντσεστερ Γιουνάιτεντ","Europa League","Γκολ","Over/Under",":","Over 5.5","12.00","|","Under 5.5","1.04","|"
"Λιόν","Μάντσεστερ Γιουνάιτεντ","Europa League","Γκολ","Over/Under",":","Over 6.5","22.00","|","Under 6.5","1.005","|"
"Λιόν","Μάντσεστερ Γιουνάιτεντ","Europa League","Γκολ","Over/Under",":","Over 7.5","50.00","|","Under 7.5","N/A","|"
"Λιόν","Μάντσεστερ Γιουνάιτεντ","Europa League","Να","Σκοράρουν","Και","Οι","Δύο","Ομάδες",":","Ναι","1.70","|","Όχι","2.15","|"
"Λιόν","Μάντσεστερ Γιουνάιτεντ","Europa League","Να","Σκοράρουν","Και","Οι","Δύο","Ομάδες","ή","Over","2.5",":","Ναι","1.55","|","Όχι (2-0, 1-0, 0-0, 0-1 ή 0-2)","2.38","|"
"Λιόν","Μάντσεστερ Γιουνάιτεντ","Europa League","Τελικό","Αποτέλεσμα","1ο","Ημίχρονο",":","Λιόν","3.15","|","Ισοπαλία","2.20","|","Μάντσεστερ Γιουνάιτεντ","3.40","|"
"Λιόν","Μάντσεστερ Γιουνάιτεντ","Europa League","Γκολ","Over/Under","1ο","Ημίχρονο",":","Over 0.5","1.41","|","Under 0.5","3.00","|"
"Λιόν","Μάντσεστερ Γιουνάιτεντ","Europa League","Γκολ","Over/Under","1ο","Ημίχρονο",":","Over 0.75","1.57","|","Under 0.75","2.47","|"
"Λιόν","Μάντσεστερ Γιουνάιτεντ","Europa League","Γκολ","Over/Under","1ο","Ημίχρονο",":","Over 1","1.88","|","Under 1","1.96","|"
"Λιόν","Μάντσεστερ Γιουνάιτεντ","Europa League","Γκολ","Over/Under","1ο","Ημίχρονο",":","Over 1.25","2.39","|","Under 1.25","1.61","|"
"Λιόν","Μάντσεστερ Γιουνάιτεντ","Europa League","Γκολ","Over/Under","1ο","Ημίχρονο",":","Over 1.5","2.82","|","Under 1.5","1.45","|"
"Λιόν","Μάντσεστερ Γιουνάιτεντ","Europa League","Γκολ","Over/Under","1ο","Ημίχρονο",":","Over 1.75","3.60","|","Under 1.75","1.30","|"
"Λιόν","Μάντσεστερ Γιουνάιτεντ","Europa League","Γκολ","Over/Under","1ο","Ημίχρονο",":","Over 2","5.90","|","Under 2","1.14","|"
"Λιόν","Μάντσεστερ Γιουνάιτεντ","Europa League","Γκολ","Over/Under","1ο","Ημίχρονο",":","Over 2.25","6.60","|","Under 2.25","1.12","|"
"Λιόν","Μάντσεστερ Γιουνάιτεντ","Europa League","Γκολ","Over/Under","1ο","Ημίχρονο",":","Over 2.5","7.10","|","Under 2.5","1.11","|"
"Λιόν","Μάντσεστερ Γιουνάιτεντ","Europa League","Γκολ","Over/Under","1ο","Ημίχρονο",":","Over 3.5","19.00","|","Under 3.5","1.01","|"
"Λιόν","Μάντσεστερ Γιουνάιτεντ","Europa League","Γκολ","Over/Under","1ο","Ημίχρονο",":","Over 4.5","49.00","|","Under 4.5","N/A","|"
"Λιόν","Μάντσεστερ Γιουνάιτεντ","Europa League","Χάντικαπ",":","Λιόν (-4)","70.00","|","Ισοπαλία (Μάντσεστερ Γιουνάιτεντ +4)","35.00","|","Option 3","N/A","|"
"Λιόν","Μάντσεστερ Γιουνάιτεντ","Europa League","Χάντικαπ",":","Λιόν (-3)","30.00","|","Ισοπαλία (Μάντσεστερ Γιουνάιτεντ +3)","15.00","|","Μάντσεστερ Γιουνάιτεντ (+3)","1.02","|"
"Λιόν","Μάντσεστερ Γιουνάιτεντ","Europa League","Χάντικαπ",":","Λιόν (-2)","11.50","|","Ισοπαλία (Μάντσεστερ Γιουνάιτεντ +2)","7.20","|","Μάντσεστερ Γιουνάιτεντ (+2)","1.17","|"
"Λιόν","Μάντσεστερ Γιουνάιτεντ","Europa League","Χάντικαπ",":","Λιόν (-1)","5.00","|","Ισοπαλία (Μάντσεστερ Γιουνάιτεντ +1)","4.25","|","Μάντσεστερ Γιουνάιτεντ (+1)","1.56","|"
"Λιόν","Μάντσεστερ Γιουνάιτεντ","Europa League","Χάντικαπ",":","Λιόν (+1)","1.51","|","Ισοπαλία (Μάντσεστερ Γιουνάιτεντ -1)","4.40","|","Μάντσεστερ Γιουνάιτεντ (-1)","5.30","|"
"Λιόν","Μάντσεστερ Γιουνάιτεντ","Europa League","Χάντικαπ",":","Λιόν (+2)","1.15","|","Ισοπαλία (Μάντσεστερ Γιουνάιτεντ -2)","7.60","|","Μάντσεστερ Γιουνάιτεντ (-2)","12.50","|"
"Λιόν","Μάντσεστερ Γιουνάιτεντ","Europa League","Χάντικαπ",":","Λιόν (+3)","1.01","|","Ισοπαλία (Μάντσεστερ Γιουνάιτεντ -3)","16.00","|","Μάντσεστερ Γιουνάιτεντ (-3)","33.00","|"
"Λιόν","Μάντσεστερ Γιουνάιτεντ","Europa League","Ασιατικό","Χάντικαπ",":","-2.5","11.00","|","+2.5","1.05","|"
"Λιόν","Μάντσεστερ Γιουνάιτεντ","Europa League","Ασιατικό","Χάντικαπ",":","-2","10.50","|","+2","1.05","|"
"Λιόν","Μάντσεστερ Γιουνάιτεντ","Europa League","Ασιατικό","Χάντικαπ",":","-1.75","6.60","|","+1.75","1.12","|"
"Λιόν","Μάντσεστερ Γιουνάιτεντ","Europa League","Ασιατικό","Χάντικαπ",":","-1.5","5.00","|","+1.5","1.18","|"
"Λιόν","Μάντσεστερ Γιουνάιτεντ","Europa League","Ασιατικό","Χάντικαπ",":","-1.25","4.55","|","+1.25","1.21","|"
"Λιόν","Μάντσεστερ Γιουνάιτεντ","Europa League","Ασιατικό","Χάντικαπ",":","-1","4.15","|","+1","1.25","|"
"Λιόν","Μάντσεστερ Γιουνάιτεντ","Europa League","Ασιατικό","Χάντικαπ",":","-0.75","3.05","|","+0.75","1.40","|"
"Λιόν","Μάντσεστερ Γιουνάιτεντ","Europa League","Ασιατικό","Χάντικαπ",":","-0.5","2.50","|","+0.5","1.56","|"
"Λιόν","Μάντσεστερ Γιουνάιτεντ","Europa League","Ασιατικό","Χάντικαπ",":","-0.25","2.18","|","+0.25","1.72","|"
"Λιόν","Μάντσεστερ Γιουνάιτεντ","Europa League","Ασιατικό","Χάντικαπ",":","0","1.84","|","0","2.01","|"
"Λιόν","Μάντσεστερ Γιουνάιτεντ","Europa League","Ασιατικό","Χάντικαπ",":","+0.25","1.61","|","-0.25","2.38","|"
"Λιόν","Μάντσεστερ Γιουνάιτεντ","Europa League","Ασιατικό","Χάντικαπ",":","+0.5","1.48","|","-0.5","2.70","|"
"Λιόν","Μάντσεστερ Γιουνάιτεντ","Europa League","Ασιατικό","Χάντικαπ",":","+0.75","1.34","|","-0.75","3.35","|"
"Λιόν","Μάντσεστερ Γιουνάιτεντ","Europa League","Ασιατικό","Χάντικαπ",":","+1","1.21","|","-1","4.60","|"
"Λιόν","Μάντσεστερ Γιουνάιτεντ","Europa League","Ασιατικό","Χάντικαπ",":","+1.25","1.18","|","-1.25","5.20","|"
"Λιόν","Μάντσεστερ Γιουνάιτεντ","Europa League","Ασιατικό","Χάντικαπ",":","+1.5","1.16","|","-1.5","5.60","|"
"Λιόν","Μάντσεστερ Γιουνάιτεντ","Europa League","Ασιατικό","Χάντικαπ",":","+1.75","1.11","|","-1.75","7.10","|"
"Λιόν","Μάντσεστερ Γιουνάιτεντ","Europa League","Ασιατικό","Χάντικαπ",":","+2","1.04","|","-2","11.50","|"
"Λιόν","Μάντσεστερ Γιουνάιτεντ","Europa League","Ασιατικό","Χάντικαπ","1ο","Ημίχρονο",":","-2","36.00","|","Μάντσεστερ Γιουνάιτεντ","N/A","|"
"Λιόν","Μάντσεστερ Γιουνάιτεντ","Europa League","Ασιατικό","Χάντικαπ","1ο","Ημίχρονο",":","-1.75","15.00","|","+1.75","1.02","|"
"Λιόν","Μάντσεστερ Γιουνάιτεντ","Europa League","Ασιατικό","Χάντικαπ","1ο","Ημίχρονο",":","-1.5","9.00","|","+1.5","1.07","|"
"Λιόν","Μάντσεστερ Γιουνάιτεντ","Europa League","Ασιατικό","Χάντικαπ","1ο","Ημίχρονο",":","-1.25","9.00","|","+1.25","1.07","|"
"Λιόν","Μάντσεστερ Γιουνάιτεντ","Europa League","Ασιατικό","Χάντικαπ","1ο","Ημίχρονο",":","-1","7.50","|","+1","1.10","|"
"Λιόν","Μάντσεστερ Γιουνάιτεντ","Europa League","Ασιατικό","Χάντικαπ","1ο","Ημίχρονο",":","-0.75","4.20","|","+0.75","1.24","|"
"Λιόν","Μάντσεστερ Γιουνάιτεντ","Europa League","Ασιατικό","Χάντικαπ","1ο","Ημίχρονο",":","-0.5","3.15","|","+0.5","1.38","|"
"Λιόν","Μάντσεστερ Γιουνάιτεντ","Europa League","Ασιατικό","Χάντικαπ","1ο","Ημίχρονο",":","-0.25","2.50","|","+0.25","1.56","|"
"Λιόν","Μάντσεστερ Γιουνάιτεντ","Europa League","Ασιατικό","Χάντικαπ","1ο","Ημίχρονο",":","0","1.85","|","0","2.00","|"
"Λιόν","Μάντσεστερ Γιουνάιτεντ","Europa League","Ασιατικό","Χάντικαπ","1ο","Ημίχρονο",":","+0.25","1.49","|","-0.25","2.70","|"
"Λιόν","Μάντσεστερ Γιουνάιτεντ","Europa League","Ασιατικό","Χάντικαπ","1ο","Ημίχρονο",":","+0.5","1.34","|","-0.5","3.35","|"
"Λιόν","Μάντσεστερ Γιουνάιτεντ","Europa League","Ασιατικό","Χάντικαπ","1ο","Ημίχρονο",":","+0.75","1.21","|","-0.75","4.60","|"
"Λιόν","Μάντσεστερ Γιουνάιτεντ","Europa League","Ασιατικό","Χάντικαπ","1ο","Ημίχρονο",":","+1","1.08","|","-1","8.75","|"
"Λιόν","Μάντσεστερ Γιουνάιτεντ","Europa League","Ασιατικό","Χάντικαπ","1ο","Ημίχρονο",":","+1.25","1.06","|","-1.25","9.50","|"
"Λιόν","Μάντσεστερ Γιουνάιτεντ","Europa League","Ασιατικό","Χάντικαπ","1ο","Ημίχρονο",":","+1.5","1.05","|","-1.5","10.50","|"
"Λιόν","Μάντσεστερ Γιουνάιτεντ","Europa League","Ασιατικό","Χάντικαπ","1ο","Ημίχρονο",":","+1.75","1.02","|","-1.75","16.00","|"
"Λιόν","Μάντσεστερ Γιουνάιτεντ","Europa League","Ασιατικό","Χάντικαπ","1ο","Ημίχρονο",":","Λιόν","N/A","|","-2","38.00","|"
"Λιόν","Μάντσεστερ Γιουνάιτεντ","Europa League","Ισοπαλία","Όχι","Στοίχημα",":","Λιόν","1.81","|","Μάντσεστερ Γιουνάιτεντ","2.00","|"
"Λιόν","Μάντσεστερ Γιουνάιτεντ","Europa League","Γηπεδούχος","Όχι","Στοίχημα",":","Μάντσεστερ Γιουνάιτεντ","1.71","|","Ισοπαλία","2.13","|"
"Λιόν","Μάντσεστερ Γιουνάιτεντ","Europa League","Φιλοξενούμενος","Όχι","Στοίχημα",":","Λιόν","1.66","|","Ισοπαλία","2.23","|"
"Λιόν","Μάντσεστερ Γιουνάιτεντ","Europa League","Ημίχρονο/Τελικό",":","Λιόν / Λιόν","4.10","|","Λιόν / Ισοπαλία","14.50","|","Λιόν / Μάντσεστερ Γιουνάιτεντ","29.00","|"
"Λιόν","Μάντσεστερ Γιουνάιτεντ","Europa League","Ημίχρονο/Τελικό",":","Ισοπαλία / Λιόν","6.20","|","Ισοπαλία / Ισοπαλία","5.50","|","Ισοπαλία / Μάντσεστερ Γιουνάιτεντ","6.50","|"
"Λιόν","Μάντσεστερ Γιουνάιτεντ","Europa League","Ημίχρονο/Τελικό",":","Μάντσεστερ Γιουνάιτεντ / Μάντσεστερ Γιουνάιτεντ","4.30","|","Μάντσεστερ Γιουνάιτεντ / Ισοπαλία","14.00","|","Μάντσεστερ Γιουνάιτεντ / Λιόν","27.00","|"
"Λιόν","Μάντσεστερ Γιουνάιτεντ","Europa League","Ημίχρονο","Ή","Τελικό",":","Λιόν","1.96","|","Ισοπαλία","1.68","|","Μάντσεστερ Γιουνάιτεντ","2.11","|"
"Λιόν","Μάντσεστερ Γιουνάιτεντ","Europa League","Να","Κερδίσει","και","τα","2","Ημίχρονα",":","Λιόν","7.80","|","Μάντσεστερ Γιουνάιτεντ","9.25","|"
"Λιόν","Μάντσεστερ Γιουνάιτεντ","Europa League","Γκολ","Και","Στα","2","Ημίχρονα",":","Ναι","1.71","|","Όχι","1.99","|"
"Λιόν","Μάντσεστερ Γιουνάιτεντ","Europa League","Να","Σκοράρει","και","Στα","2","Ημίχρονα",":","Λιόν","3.50","|","Μάντσεστερ Γιουνάιτεντ","3.70","|"
"Λιόν","Μάντσεστερ Γιουνάιτεντ","Europa League","Να","Βρεθεί","Πίσω","στο","Σκορ","Και","να","Κερδίσει",":","Λιόν","10.50","|","Μάντσεστερ Γιουνάιτεντ","10.50","|"
"Λιόν","Μάντσεστερ Γιουνάιτεντ","Europa League","Σύνολο","Γκολ",":","0","10.50","|","1","4.45","|","2","3.45","|","3","3.90","|","4","5.70","|","5","10.00","|","6","19.50","|","7","41.00","|"
"Λιόν","Μάντσεστερ Γιουνάιτεντ","Europa League","Σύνολο","Γκολ",":","0-2","1.81","|","0-4","1.10","|","0-1","3.35","|","0-5","1.03","|","0-3","1.30","|","1-3","1.43","|","1-5","1.10","|","1-4","1.19","|","1-2","2.09","|","2-5","1.37","|","2-4","1.53","|","2-3","1.96","|","2-6","1.32","|","3-6","1.95","|","3-4","2.48","|","3-5","2.09","|","4-5","3.90","|","4-6","3.45","|"
"Λιόν","Μάντσεστερ Γιουνάιτεντ","Europa League","Σύνολο","Γκολ",":","1","1.05","|","2","1.29","|","3","1.89","|","4","3.25","|","5","6.40","|","6","14.00","|","7","31.00","|"
"Λιόν","Μάντσεστερ Γιουνάιτεντ","Europa League","Ακριβές","Σκορ",":","1:0","8.50","|","2:0","12.00","|","2:1","8.75","|","3:0","22.00","|","3:1","18.50","|","3:2","25.00","|","4:0","60.00","|","4:1","43.00","|","4:2","60.00","|","4:3","90.00","|","5:0","100.00","|","5:1","100.00","|","5:2","125.00","|","5:3","125.00","|","5:4","175.00","|","6:0","150.00","|","6:1","125.00","|","6:2","150.00","|","6:3","150.00","|","7:0","175.00","|","7:1","125.00","|","7:2","175.00","|","8:0","125.00","|","9:0","125.00","|","10:0","125.00","|"
"Λιόν","Μάντσεστερ Γιουνάιτεντ","Europa League","Ακριβές","Σκορ",":","0:0","9.75","|","1:1","6.40","|","2:2","11.50","|","3:3","40.00","|","4:4","125.00","|","5:5","200.00","|"
"Λιόν","Μάντσεστερ Γιουνάιτεντ","Europa League","Ακριβές","Σκορ",":","0:1","8.75","|","0:2","13.50","|","1:2","9.75","|","0:3","28.00","|","1:3","20.00","|","2:3","25.00","|","0:4","65.00","|","1:4","50.00","|","2:4","65.00","|","3:4","100.00","|","0:5","125.00","|","1:5","100.00","|","2:5","125.00","|","3:5","150.00","|","4:5","150.00","|","0:6","150.00","|","1:6","125.00","|","2:6","125.00","|","3:6","175.00","|","0:7","125.00","|","1:7","175.00","|","2:7","200.00","|","0:8","125.00","|","0:9","125.00","|","0:10","125.00","|"
"Λιόν","Μάντσεστερ Γιουνάιτεντ","Europa League","Αποτέλεσμα","και","Over/Under","1.5",":","Over None","3.05","|","Under None","8.25","|"
"Λιόν","Μάντσεστερ Γιουνάιτεντ","Europa League","Αποτέλεσμα","και","Over/Under","1.5",":","Over None","4.50","|","Under None","10.50","|"
"Λιόν","Μάντσεστερ Γιουνάιτεντ","Europa League","Αποτέλεσμα","και","Over/Under","1.5",":","Over None","3.25","|","Under None","8.50","|"
"Λιόν","Μάντσεστερ Γιουνάιτεντ","Europa League","Αποτέλεσμα","και","Over/Under","2.5",":","Over None","4.00","|","Under None","5.30","|"
"Λιόν","Μάντσεστερ Γιουνάιτεντ","Europa League","Αποτέλεσμα","και","Over/Under","2.5",":","Over None","12.00","|","Under None","4.45","|"
"Λιόν","Μάντσεστερ Γιουνάιτεντ","Europa League","Αποτέλεσμα","και","Over/Under","2.5",":","Over None","4.20","|","Under None","5.50","|"
"Λιόν","Μάντσεστερ Γιουνάιτεντ","Europa League","Αποτέλεσμα","και","Over/Under","3.5",":","Over None","7.70","|","Under None","3.20","|"
"Λιόν","Μάντσεστερ Γιουνάιτεντ","Europa League","Αποτέλεσμα","και","Over/Under","3.5",":","Over None","12.00","|","Under None","4.40","|"
"Λιόν","Μάντσεστερ Γιουνάιτεντ","Europa League","Αποτέλεσμα","και","Over/Under","3.5",":","Over None","8.25","|","Under None","3.35","|"
"Λιόν","Μάντσεστερ Γιουνάιτεντ","Europa League","Αποτέλεσμα","και","Over/Under","4.5",":","Over None","12.50","|","Under None","2.72","|"
"Λιόν","Μάντσεστερ Γιουνάιτεντ","Europa League","Αποτέλεσμα","και","Over/Under","4.5",":","Over None","49.00","|","Under None","3.45","|"
"Λιόν","Μάντσεστερ Γιουνάιτεντ","Europa League","Αποτέλεσμα","και","Over/Under","4.5",":","Over None","13.50","|","Under None","2.85","|"
"Λιόν","Μάντσεστερ Γιουνάιτεντ","Europa League","Αποτέλεσμα","και","Over/Under","5.5",":","Over None","31.00","|","Under None","2.47","|"
"Λιόν","Μάντσεστερ Γιουνάιτεντ","Europa League","Αποτέλεσμα","και","Over/Under","5.5",":","Over None","50.00","|","Under None","3.50","|"
"Λιόν","Μάντσεστερ Γιουνάιτεντ","Europa League","Αποτέλεσμα","και","Over/Under","5.5",":","Over None","34.00","|","Under None","2.57","|"
"Λιόν","Μάντσεστερ Γιουνάιτεντ","Europa League","Αποτέλεσμα","Και","Να","Σκοράρουν","Και","Οι","Δύο","Ομάδες","(6πλής","Επιλογής)",":","1 Και Ναι","4.50","|","1 Και Όχι","4.40","|"
"Λιόν","Μάντσεστερ Γιουνάιτεντ","Europa League","Αποτέλεσμα","Και","Να","Σκοράρουν","Και","Οι","Δύο","Ομάδες","(6πλής","Επιλογής)",":","Ισοπαλία Και Όχι","9.75","|","Ισοπαλία Και Ναι","4.20","|"
"Λιόν","Μάντσεστερ Γιουνάιτεντ","Europa League","Αποτέλεσμα","Και","Να","Σκοράρουν","Και","Οι","Δύο","Ομάδες","(6πλής","Επιλογής)",":","2 Και Ναι","4.90","|","2 Και Όχι","4.90","|"
"Λιόν","Μάντσεστερ Γιουνάιτεντ","Europa League","Να","Σκοράρουν","Και","Οι","Δύο","Ομάδες","και","Over/Under","2.5",":","Ναι και Over 2.5","2.11","|","Όχι και Under 2.5","2.50","|","Ναι και Under 2.5","6.20","|","Όχι και Over 2.5","10.00","|"
"Λιόν","Μάντσεστερ Γιουνάιτεντ","Europa League","Να","Σκοράρουν","Και","Οι","Δύο","Ομάδες","και","Over/Under","3.5",":","Όχι και Under 3.5","2.13","|","Ναι και Under 3.5","3.00","|","Ναι και Over 3.5","3.30","|","Όχι και Over 3.5","27.00","|"
"Λιόν","Μάντσεστερ Γιουνάιτεντ","Europa League","Να","Σκοράρουν","Και","Οι","Δύο","Ομάδες","και","Over/Under","4.5",":","Όχι και Under 4.5","2.05","|","Ναι και Under 4.5","2.12","|","Ναι και Over 4.5","6.00","|","Όχι και Over 4.5","46.00","|"
"Λιόν","Μάντσεστερ Γιουνάιτεντ","Europa League","Να","Σκοράρουν","Και","Οι","Δύο","Ομάδες","και","Over/Under","5.5",":","Ναι και Under 5.5","1.85","|","Όχι και Under 5.5","2.00","|","Ναι και Over 5.5","11.50","|","Όχι και Over 5.5","90.00","|"
"Λιόν","Μάντσεστερ Γιουνάιτεντ","Europa League","Οποτεδήποτε","Σκόρερ",":","Mikautadze Georges","2.87","|","Alexandre Lacazette","3.00","|","Enzo Anthony Honore Molebe","3.40","|","Ernest Nuamah","3.75","|","Rayan Cherki","3.75","|","Malick Martin Fofana","4.75","|","Thiago Almada","4.75","|","Corentin Tolisso","5.50","|","Jordan Veretout","6.50","|","Ainsley Maitland-Niles","7.50","|","Abner Vinicius da Silva Santos","9.00","|","Tanner Tessmann","9.00","|","Paul Akouokou","10.00","|","Nicolas Tagliafico","11.00","|","Saël Kumbedi","12.00","|","Duje Caleta Car","12.00","|","Moussa Niakhate","12.00","|","Clinton Mata Pedro Lourenco Mukoni","15.00","|","Nemanja Matic","15.00","|","Omari Warmed","17.00","|"
"Λιόν","Μάντσεστερ Γιουνάιτεντ","Europa League","Οποτεδήποτε","Σκόρερ",":","Bruno Fernandes","3.60","|","Rasmus Hojlund","3.60","|","Joshua Zirkzee","4.00","|","Alejandro Garnacho","4.50","|","Jayce Fitzgerald","5.50","|","Mason Mount","6.50","|","Christian Eriksen","9.00","|","Patrick Dorgu","9.00","|","Toby Collyer","11.00","|","Godwill Kukonki","12.00","|","Diogo Dalot","15.00","|","Harry Maguire","15.00","|","Casemiro","15.00","|","Manuel Ugarte Ribeiro","17.00","|","Leny Yoro","17.00","|","Ayden Heaven","17.00","|","Matthijs de Ligt","17.00","|","Luke Shaw","17.00","|","Jonathan Evans","21.00","|","Noussair Mazraoui","21.00","|","Victor Nilsson Lindelof","26.00","|"
"Λιόν","Μάντσεστερ Γιουνάιτεντ","Europa League","Παίκτης","Να","Σκοράρει","Το","1ο","Γκολ",":","Mikautadze Georges","5.90","|","Alexandre Lacazette","6.40","|","Enzo Anthony Honore Molebe","7.40","|","Ernest Nuamah","8.25","|","Rayan Cherki","8.25","|","Malick Martin Fofana","10.50","|","Thiago Almada","10.50","|","Corentin Tolisso","12.50","|","Jordan Veretout","14.50","|","Ainsley Maitland-Niles","16.50","|","Tanner Tessmann","20.00","|","Abner Vinicius da Silva Santos","20.00","|","Paul Akouokou","22.00","|","Nicolas Tagliafico","25.00","|","Duje Caleta Car","28.00","|","Saël Kumbedi","28.00","|","Moussa Niakhate","28.00","|","Clinton Mata Pedro Lourenco Mukoni","33.00","|","Nemanja Matic","33.00","|","Omari Warmed","40.00","|"
"Λιόν","Μάντσεστερ Γιουνάιτεντ","Europa League","Παίκτης","Να","Σκοράρει","Το","1ο","Γκολ",":","Rasmus Hojlund","7.90","|","Bruno Fernandes","7.90","|","Joshua Zirkzee","8.75","|","Alejandro Garnacho","9.75","|","Jayce Fitzgerald","12.50","|","Mason Mount","14.50","|","Patrick Dorgu","20.00","|","Christian Eriksen","20.00","|","Toby Collyer","25.00","|","Godwill Kukonki","28.00","|","Casemiro","33.00","|","Harry Maguire","33.00","|","Diogo Dalot","33.00","|","Ayden Heaven","40.00","|","Luke Shaw","40.00","|","Leny Yoro","40.00","|","Manuel Ugarte Ribeiro","40.00","|","Matthijs de Ligt","40.00","|","Noussair Mazraoui","50.00","|","Jonathan Evans","50.00","|","Victor Nilsson Lindelof","65.00","|"
"Λιόν","Μάντσεστερ Γιουνάιτεντ","Europa League","Παίκτης","Να","Σκοράρει","Το","1ο","Γκολ",":"
"Λιόν","Μάντσεστερ Γιουνάιτεντ","Europa League","Να","Σκοράρει","2","ή","Περισσότερα","Γκολ",":","Mikautadze Georges 2 ή περισσότερα","12.00","|","Alexandre Lacazette 2 ή περισσότερα","13.00","|","Enzo Anthony Honore Molebe 2 ή περισσότερα","17.00","|","Rasmus Hojlund 2 ή περισσότερα","21.00","|","Bruno Fernandes 2 ή περισσότερα","21.00","|","Ernest Nuamah 2 ή περισσότερα","21.00","|","Rayan Cherki 2 ή περισσότερα","21.00","|","Joshua Zirkzee 2 ή περισσότερα","23.00","|","Alejandro Garnacho 2 ή περισσότερα","29.00","|","Thiago Almada 2 ή περισσότερα","34.00","|","Malick Martin Fofana 2 ή περισσότερα","34.00","|","Jayce Fitzgerald 2 ή περισσότερα","41.00","|","Corentin Tolisso 2 ή περισσότερα","41.00","|","Mason Mount 2 ή περισσότερα","50.00","|","Jordan Veretout 2 ή περισσότερα","50.00","|","Ainsley Maitland-Niles 2 ή περισσότερα","80.00","|","Abner Vinicius da Silva Santos 2 ή περισσότερα","100.00","|","Toby Collyer 2 ή περισσότερα","100.00","|","Christian Eriksen 2 ή περισσότερα","100.00","|","Patrick Dorgu 2 ή περισσότερα","100.00","|","Tanner Tessmann 2 ή περισσότερα","100.00","|","Nicolas Tagliafico 2 ή περισσότερα","100.00","|","Paul Akouokou 2 ή περισσότερα","100.00","|","Moussa Niakhate 2 ή περισσότερα","125.00","|","Saël Kumbedi 2 ή περισσότερα","125.00","|","Clinton Mata Pedro Lourenco Mukoni 2 ή περισσότερα","125.00","|","Harry Maguire 2 ή περισσότερα","125.00","|","Duje Caleta Car 2 ή περισσότερα","125.00","|","Nemanja Matic 2 ή περισσότερα","125.00","|","Casemiro 2 ή περισσότερα","125.00","|","Diogo Dalot 2 ή περισσότερα","125.00","|","Godwill Kukonki 2 ή περισσότερα","125.00","|","Ayden Heaven 2 ή περισσότερα","150.00","|","Matthijs de Ligt 2 ή περισσότερα","150.00","|","Luke Shaw 2 ή περισσότερα","150.00","|","Leny Yoro 2 ή περισσότερα","150.00","|","Omari Warmed 2 ή περισσότερα","150.00","|","Manuel Ugarte Ribeiro 2 ή περισσότερα","150.00","|","Noussair Mazraoui 2 ή περισσότερα","200.00","|","Jonathan Evans 2 ή περισσότερα","200.00","|","Victor Nilsson Lindelof 2 ή περισσότερα","250.00","|"
"Λιόν","Μάντσεστερ Γιουνάιτεντ","Europa League","Να","Σκοράρει","3","ή","Περισσότερα","Γκολ",":","Mikautadze Georges 3 ή περισσότερα","50.00","|","Alexandre Lacazette 3 ή περισσότερα","65.00","|","Enzo Anthony Honore Molebe 3 ή περισσότερα","100.00","|","Alejandro Garnacho 3 ή περισσότερα","100.00","|","Bruno Fernandes 3 ή περισσότερα","100.00","|","Rayan Cherki 3 ή περισσότερα","100.00","|","Ernest Nuamah 3 ή περισσότερα","100.00","|","Rasmus Hojlund 3 ή περισσότερα","100.00","|","Joshua Zirkzee 3 ή περισσότερα","100.00","|","Malick Martin Fofana 3 ή περισσότερα","125.00","|","Thiago Almada 3 ή περισσότερα","125.00","|","Corentin Tolisso 3 ή περισσότερα","150.00","|","Jayce Fitzgerald 3 ή περισσότερα","150.00","|","Jordan Veretout 3 ή περισσότερα","200.00","|","Mason Mount 3 ή περισσότερα","200.00","|","Ainsley Maitland-Niles 3 ή περισσότερα","250.00","|","Abner Vinicius da Silva Santos 3 ή περισσότερα","400.00","|","Tanner Tessmann 3 ή περισσότερα","400.00","|","Christian Eriksen 3 ή περισσότερα","400.00","|","Patrick Dorgu 3 ή περισσότερα","400.00","|","Luke Shaw 3 ή περισσότερα","500.00","|","Matthijs de Ligt 3 ή περισσότερα","500.00","|","Jonathan Evans 3 ή περισσότερα","500.00","|","Paul Akouokou 3 ή περισσότερα","500.00","|","Toby Collyer 3 ή περισσότερα","500.00","|","Clinton Mata Pedro Lourenco Mukoni 3 ή περισσότερα","500.00","|","Diogo Dalot 3 ή περισσότερα","500.00","|","Godwill Kukonki 3 ή περισσότερα","500.00","|","Saël Kumbedi 3 ή περισσότερα","500.00","|","Moussa Niakhate 3 ή περισσότερα","500.00","|","Nicolas Tagliafico 3 ή περισσότερα","500.00","|","Leny Yoro 3 ή περισσότερα","500.00","|","Manuel Ugarte Ribeiro 3 ή περισσότερα","500.00","|","Omari Warmed 3 ή περισσότερα","500.00","|","Noussair Mazraoui 3 ή περισσότερα","500.00","|","Victor Nilsson Lindelof 3 ή περισσότερα","500.00","|","Casemiro 3 ή περισσότερα","500.00","|","Harry Maguire 3 ή περισσότερα","500.00","|","Duje Caleta Car 3 ή περισσότερα","500.00","|","Ayden Heaven 3 ή περισσότερα","500.00","|","Nemanja Matic 3 ή περισσότερα","500.00","|"
"Ρέιντζερς","Αθλέτικ Μπιλμπάο","Europa League","Τελικό","Αποτέλεσμα",":","Ρέιντζερς","3.10","|","Ισοπαλία","3.50","|","Αθλέτικ Μπιλμπάο","2.36","|"
"Ρέιντζερς","Αθλέτικ Μπιλμπάο","Europa League","Πρόκριση","Αγώνας",":","Ρέιντζερς","3.55","|","Αθλέτικ Μπιλμπάο","1.31","|"
"Ρέιντζερς","Αθλέτικ Μπιλμπάο","Europa League","Διπλή","Ευκαιρία",":","Ρέιντζερς ή Ισοπαλία","1.66","|","Ρέιντζερς ή Αθλέτικ Μπιλμπάο","1.34","|","Αθλέτικ Μπιλμπάο ή Ισοπαλία","1.40","|"
"Ρέιντζερς","Αθλέτικ Μπιλμπάο","Europa League","Γκολ","Over/Under",":","Over 0.5","1.06","|","Under 0.5","9.75","|"
"Ρέιντζερς","Αθλέτικ Μπιλμπάο","Europa League","Γκολ","Over/Under",":","Over 1.25","1.20","|","Under 1.25","4.80","|"
"Ρέιντζερς","Αθλέτικ Μπιλμπάο","Europa League","Γκολ","Over/Under",":","Over 1.5","1.32","|","Under 1.5","3.50","|"
"Ρέιντζερς","Αθλέτικ Μπιλμπάο","Europa League","Γκολ","Over/Under",":","Over 1.75","1.38","|","Under 1.75","3.15","|"
"Ρέιντζερς","Αθλέτικ Μπιλμπάο","Europa League","Γκολ","Over/Under",":","Over 2","1.48","|","Under 2","2.72","|"
"Ρέιντζερς","Αθλέτικ Μπιλμπάο","Europa League","Γκολ","Over/Under",":","Over 2.25","1.73","|","Under 2.25","2.16","|"
"Ρέιντζερς","Αθλέτικ Μπιλμπάο","Europa League","Γκολ","Over/Under",":","Over 2.5","1.96","|","Under 2.5","1.88","|"
"Ρέιντζερς","Αθλέτικ Μπιλμπάο","Europa League","Γκολ","Over/Under",":","Over 2.75","2.20","|","Under 2.75","1.70","|"
"Ρέιντζερς","Αθλέτικ Μπιλμπάο","Europa League","Γκολ","Over/Under",":","Over 3","2.67","|","Under 3","1.49","|"
"Ρέιντζερς","Αθλέτικ Μπιλμπάο","Europa League","Γκολ","Over/Under",":","Over 3.25","3.00","|","Under 3.25","1.41","|"
"Ρέιντζερς","Αθλέτικ Μπιλμπάο","Europa League","Γκολ","Over/Under",":","Over 3.5","3.35","|","Under 3.5","1.34","|"
"Ρέιντζερς","Αθλέτικ Μπιλμπάο","Europa League","Γκολ","Over/Under",":","Over 3.75","4.10","|","Under 3.75","1.25","|"
"Ρέιντζερς","Αθλέτικ Μπιλμπάο","Europa League","Γκολ","Over/Under",":","Over 4","5.80","|","Under 4","1.15","|"
"Ρέιντζερς","Αθλέτικ Μπιλμπάο","Europa League","Γκολ","Over/Under",":","Over 4.25","6.10","|","Under 4.25","1.14","|"
"Ρέιντζερς","Αθλέτικ Μπιλμπάο","Europa League","Γκολ","Over/Under",":","Over 4.5","6.40","|","Under 4.5","1.13","|"
"Ρέιντζερς","Αθλέτικ Μπιλμπάο","Europa League","Γκολ","Over/Under",":","Over 5.5","13.00","|","Under 5.5","1.03","|"
"Ρέιντζερς","Αθλέτικ Μπιλμπάο","Europa League","Γκολ","Over/Under",":","Over 6.5","25.00","|","Under 6.5","N/A","|"
"Ρέιντζερς","Αθλέτικ Μπιλμπάο","Europa League","Να","Σκοράρουν","Και","Οι","Δύο","Ομάδες",":","Ναι","1.75","|","Όχι","2.08","|"
"Ρέιντζερς","Αθλέτικ Μπιλμπάο","Europa League","Να","Σκοράρουν","Και","Οι","Δύο","Ομάδες","ή","Over","2.5",":","Ναι","1.59","|","Όχι (2-0, 1-0, 0-0, 0-1 ή 0-2)","2.30","|"
"Ρέιντζερς","Αθλέτικ Μπιλμπάο","Europa League","Τελικό","Αποτέλεσμα","1ο","Ημίχρονο",":","Ρέιντζερς","3.70","|","Ισοπαλία","2.18","|","Αθλέτικ Μπιλμπάο","2.97","|"
"Ρέιντζερς","Αθλέτικ Μπιλμπάο","Europa League","Γκολ","Over/Under","1ο","Ημίχρονο",":","Over 0.5","1.43","|","Under 0.5","2.90","|"
"Ρέιντζερς","Αθλέτικ Μπιλμπάο","Europa League","Γκολ","Over/Under","1ο","Ημίχρονο",":","Over 0.75","1.59","|","Under 0.75","2.41","|"
"Ρέιντζερς","Αθλέτικ Μπιλμπάο","Europa League","Γκολ","Over/Under","1ο","Ημίχρονο",":","Over 1","1.94","|","Under 1","1.91","|"
"Ρέιντζερς","Αθλέτικ Μπιλμπάο","Europa League","Γκολ","Over/Under","1ο","Ημίχρονο",":","Over 1.25","2.41","|","Under 1.25","1.60","|"
"Ρέιντζερς","Αθλέτικ Μπιλμπάο","Europa League","Γκολ","Over/Under","1ο","Ημίχρονο",":","Over 1.5","2.92","|","Under 1.5","1.43","|"
"Ρέιντζερς","Αθλέτικ Μπιλμπάο","Europa League","Γκολ","Over/Under","1ο","Ημίχρονο",":","Over 1.75","3.75","|","Under 1.75","1.29","|"
"Ρέιντζερς","Αθλέτικ Μπιλμπάο","Europa League","Γκολ","Over/Under","1ο","Ημίχρονο",":","Over 2","6.10","|","Under 2","1.14","|"
"Ρέιντζερς","Αθλέτικ Μπιλμπάο","Europa League","Γκολ","Over/Under","1ο","Ημίχρονο",":","Over 2.25","7.00","|","Under 2.25","1.11","|"
"Ρέιντζερς","Αθλέτικ Μπιλμπάο","Europa League","Γκολ","Over/Under","1ο","Ημίχρονο",":","Over 2.5","7.60","|","Under 2.5","1.10","|"
"Ρέιντζερς","Αθλέτικ Μπιλμπάο","Europa League","Γκολ","Over/Under","1ο","Ημίχρονο",":","Over 3.5","19.00","|","Under 3.5","1.01","|"
"Ρέιντζερς","Αθλέτικ Μπιλμπάο","Europa League","Γκολ","Over/Under","1ο","Ημίχρονο",":","Over 4.5","49.00","|","Under 4.5","N/A","|"
"Ρέιντζερς","Αθλέτικ Μπιλμπάο","Europa League","Χάντικαπ",":","Ρέιντζερς (-3)","39.00","|","Ισοπαλία (Ρέιντζερς -3)","18.50","|","Αθλέτικ Μπιλμπάο (+3)","1.007","|"
"Ρέιντζερς","Αθλέτικ Μπιλμπάο","Europa League","Χάντικαπ",":","Ρέιντζερς (-2)","15.00","|","Ισοπαλία (Ρέιντζερς -2)","8.25","|","Αθλέτικ Μπιλμπάο (+2)","1.12","|"
"Ρέιντζερς","Αθλέτικ Μπιλμπάο","Europa League","Χάντικαπ",":","Ρέιντζερς (-1)","6.00","|","Ισοπαλία (Ρέιντζερς -1)","4.55","|","Αθλέτικ Μπιλμπάο (+1)","1.45","|"
"Ρέιντζερς","Αθλέτικ Μπιλμπάο","Europa League","Χάντικαπ",":","Ρέιντζερς (+1)","1.62","|","Ισοπαλία (Ρέιντζερς +1)","4.10","|","Αθλέτικ Μπιλμπάο (-1)","4.65","|"
"Ρέιντζερς","Αθλέτικ Μπιλμπάο","Europa League","Χάντικαπ",":","Ρέιντζερς (+2)","1.20","|","Ισοπαλία (Ρέιντζερς +2)","6.80","|","Αθλέτικ Μπιλμπάο (-2)","10.50","|"
"Ρέιντζερς","Αθλέτικ Μπιλμπάο","Europa League","Χάντικαπ",":","Ρέιντζερς (+3)","1.03","|","Ισοπαλία (Ρέιντζερς +3)","14.00","|","Αθλέτικ Μπιλμπάο (-3)","27.00","|"
"Ρέιντζερς","Αθλέτικ Μπιλμπάο","Europa League","Ασιατικό","Χάντικαπ",":","-2","13.50","|","+2","1.03","|"
"Ρέιντζερς","Αθλέτικ Μπιλμπάο","Europa League","Ασιατικό","Χάντικαπ",":","-1.75","8.00","|","+1.75","1.09","|"
"Ρέιντζερς","Αθλέτικ Μπιλμπάο","Europa League","Ασιατικό","Χάντικαπ",":","-1.5","6.60","|","+1.5","1.12","|"
"Ρέιντζερς","Αθλέτικ Μπιλμπάο","Europa League","Ασιατικό","Χάντικαπ",":","-1.25","6.10","|","+1.25","1.14","|"
"Ρέιντζερς","Αθλέτικ Μπιλμπάο","Europa League","Ασιατικό","Χάντικαπ",":","-1","5.60","|","+1","1.15","|"
"Ρέιντζερς","Αθλέτικ Μπιλμπάο","Europa League","Ασιατικό","Χάντικαπ",":","-0.75","3.80","|","+0.75","1.28","|"
"Ρέιντζερς","Αθλέτικ Μπιλμπάο","Europa League","Ασιατικό","Χάντικαπ",":","-0.5","3.05","|","+0.5","1.40","|"
"Ρέιντζερς","Αθλέτικ Μπιλμπάο","Europa League","Ασιατικό","Χάντικαπ",":","-0.25","2.65","|","+0.25","1.50","|"
"Ρέιντζερς","Αθλέτικ Μπιλμπάο","Europa League","Ασιατικό","Χάντικαπ",":","0","2.24","|","0","1.68","|"
"Ρέιντζερς","Αθλέτικ Μπιλμπάο","Europa League","Ασιατικό","Χάντικαπ",":","+0.25","1.88","|","-0.25","1.97","|"
"Ρέιντζερς","Αθλέτικ Μπιλμπάο","Europa League","Ασιατικό","Χάντικαπ",":","+0.5","1.66","|","-0.5","2.28","|"
"Ρέιντζερς","Αθλέτικ Μπιλμπάο","Europa League","Ασιατικό","Χάντικαπ",":","+0.75","1.50","|","-0.75","2.65","|"
"Ρέιντζερς","Αθλέτικ Μπιλμπάο","Europa League","Ασιατικό","Χάντικαπ",":","+1","1.32","|","-1","3.50","|"
"Ρέιντζερς","Αθλέτικ Μπιλμπάο","Europa League","Ασιατικό","Χάντικαπ",":","+1.25","1.27","|","-1.25","3.95","|"
"Ρέιντζερς","Αθλέτικ Μπιλμπάο","Europa League","Ασιατικό","Χάντικαπ",":","+1.5","1.23","|","-1.5","4.40","|"
"Ρέιντζερς","Αθλέτικ Μπιλμπάο","Europa League","Ασιατικό","Χάντικαπ",":","+1.75","1.15","|","-1.75","5.70","|"
"Ρέιντζερς","Αθλέτικ Μπιλμπάο","Europa League","Ασιατικό","Χάντικαπ",":","+2","1.07","|","-2","8.75","|"
"Ρέιντζερς","Αθλέτικ Μπιλμπάο","Europa League","Ασιατικό","Χάντικαπ",":","+2.5","1.07","|","-2.5","9.50","|"
"Ρέιντζερς","Αθλέτικ Μπιλμπάο","Europa League","Ασιατικό","Χάντικαπ","1ο","Ημίχρονο",":","-2","44.00","|","Αθλέτικ Μπιλμπάο","N/A","|"
"Ρέιντζερς","Αθλέτικ Μπιλμπάο","Europa League","Ασιατικό","Χάντικαπ","1ο","Ημίχρονο",":","-1.75","18.00","|","+1.75","1.01","|"
"Ρέιντζερς","Αθλέτικ Μπιλμπάο","Europa League","Ασιατικό","Χάντικαπ","1ο","Ημίχρονο",":","-1.5","12.00","|","+1.5","1.04","|"
"Ρέιντζερς","Αθλέτικ Μπιλμπάο","Europa League","Ασιατικό","Χάντικαπ","1ο","Ημίχρονο",":","-1.25","11.00","|","+1.25","1.05","|"
"Ρέιντζερς","Αθλέτικ Μπιλμπάο","Europa League","Ασιατικό","Χάντικαπ","1ο","Ημίχρονο",":","-1","10.00","|","+1","1.06","|"
"Ρέιντζερς","Αθλέτικ Μπιλμπάο","Europa League","Ασιατικό","Χάντικαπ","1ο","Ημίχρονο",":","-0.75","4.85","|","+0.75","1.20","|"
"Ρέιντζερς","Αθλέτικ Μπιλμπάο","Europa League","Ασιατικό","Χάντικαπ","1ο","Ημίχρονο",":","-0.5","3.65","|","+0.5","1.30","|"
"Ρέιντζερς","Αθλέτικ Μπιλμπάο","Europa League","Ασιατικό","Χάντικαπ","1ο","Ημίχρονο",":","-0.25","2.95","|","+0.25","1.42","|"
"Ρέιντζερς","Αθλέτικ Μπιλμπάο","Europa League","Ασιατικό","Χάντικαπ","1ο","Ημίχρονο",":","0","2.17","|","0","1.72","|"
"Ρέιντζερς","Αθλέτικ Μπιλμπάο","Europa League","Ασιατικό","Χάντικαπ","1ο","Ημίχρονο",":","+0.25","1.63","|","-0.25","2.34","|"
"Ρέιντζερς","Αθλέτικ Μπιλμπάο","Europa League","Ασιατικό","Χάντικαπ","1ο","Ημίχρονο",":","+0.5","1.43","|","-0.5","2.92","|"
"Ρέιντζερς","Αθλέτικ Μπιλμπάο","Europa League","Ασιατικό","Χάντικαπ","1ο","Ημίχρονο",":","+0.75","1.27","|","-0.75","3.90","|"
"Ρέιντζερς","Αθλέτικ Μπιλμπάο","Europa League","Ασιατικό","Χάντικαπ","1ο","Ημίχρονο",":","+1","1.12","|","-1","6.70","|"
"Ρέιντζερς","Αθλέτικ Μπιλμπάο","Europa League","Ασιατικό","Χάντικαπ","1ο","Ημίχρονο",":","+1.25","1.08","|","-1.25","8.50","|"
"Ρέιντζερς","Αθλέτικ Μπιλμπάο","Europa League","Ασιατικό","Χάντικαπ","1ο","Ημίχρονο",":","+1.5","1.08","|","-1.5","8.25","|"
"Ρέιντζερς","Αθλέτικ Μπιλμπάο","Europa League","Ασιατικό","Χάντικαπ","1ο","Ημίχρονο",":","+1.75","1.03","|","-1.75","14.00","|"
"Ρέιντζερς","Αθλέτικ Μπιλμπάο","Europa League","Ασιατικό","Χάντικαπ","1ο","Ημίχρονο",":","Ρέιντζερς","N/A","|","-2","33.00","|"
"Ρέιντζερς","Αθλέτικ Μπιλμπάο","Europa League","Ισοπαλία","Όχι","Στοίχημα",":","Ρέιντζερς","2.24","|","Αθλέτικ Μπιλμπάο","1.65","|"
"Ρέιντζερς","Αθλέτικ Μπιλμπάο","Europa League","Γηπεδούχος","Όχι","Στοίχημα",":","Ισοπαλία","2.36","|","Αθλέτικ Μπιλμπάο","1.59","|"
"Ρέιντζερς","Αθλέτικ Μπιλμπάο","Europa League","Φιλοξενούμενος","Όχι","Στοίχημα",":","Ρέιντζερς","1.79","|","Ισοπαλία","2.02","|"
"Ρέιντζερς","Αθλέτικ Μπιλμπάο","Europa League","Ημίχρονο/Τελικό",":","Ρέιντζερς / Ρέιντζερς","4.70","|","Ρέιντζερς / Ισοπαλία","14.50","|","Ρέιντζερς / Αθλέτικ Μπιλμπάο","27.00","|"
"Ρέιντζερς","Αθλέτικ Μπιλμπάο","Europa League","Ημίχρονο/Τελικό",":","Ισοπαλία / Ρέιντζερς","6.80","|","Ισοπαλία / Ισοπαλία","5.40","|","Ισοπαλία / Αθλέτικ Μπιλμπάο","5.90","|"
"Ρέιντζερς","Αθλέτικ Μπιλμπάο","Europa League","Ημίχρονο/Τελικό",":","Αθλέτικ Μπιλμπάο / Αθλέτικ Μπιλμπάο","3.80","|","Αθλέτικ Μπιλμπάο / Ισοπαλία","14.00","|","Αθλέτικ Μπιλμπάο / Ρέιντζερς","30.00","|"
"Ρέιντζερς","Αθλέτικ Μπιλμπάο","Europa League","Ημίχρονο","Ή","Τελικό",":","Ρέιντζερς","2.30","|","Ισοπαλία","1.67","|","Αθλέτικ Μπιλμπάο","1.82","|"
"Ρέιντζερς","Αθλέτικ Μπιλμπάο","Europa League","Να","Κερδίσει","και","τα","2","Ημίχρονα",":","Ρέιντζερς","10.50","|","Αθλέτικ Μπιλμπάο","7.30","|"
"Ρέιντζερς","Αθλέτικ Μπιλμπάο","Europa League","Γκολ","Και","Στα","2","Ημίχρονα",":","Ναι","1.75","|","Όχι","1.94","|"
"Ρέιντζερς","Αθλέτικ Μπιλμπάο","Europa League","Να","Σκοράρει","και","Στα","2","Ημίχρονα",":","Ρέιντζερς","4.25","|","Αθλέτικ Μπιλμπάο","3.30","|"
"Ρέιντζερς","Αθλέτικ Μπιλμπάο","Europa League","Να","Βρεθεί","Πίσω","στο","Σκορ","Και","να","Κερδίσει",":","Ρέιντζερς","12.50","|","Αθλέτικ Μπιλμπάο","9.75","|"
"Ρέιντζερς","Αθλέτικ Μπιλμπάο","Europa League","Σύνολο","Γκολ",":","0","9.75","|","1","4.30","|","2","3.45","|","3","3.95","|","4","5.90","|","5","10.50","|","6","21.00","|","7","44.00","|"
"Ρέιντζερς","Αθλέτικ Μπιλμπάο","Europa League","Σύνολο","Γκολ",":","0-4","1.09","|","0-3","1.28","|","0-1","3.20","|","0-5","1.02","|","0-2","1.76","|","1-4","1.19","|","1-5","1.10","|","1-3","1.41","|","1-2","2.03","|","2-5","1.39","|","2-4","1.54","|","2-6","1.33","|","2-3","1.95","|","3-6","2.01","|","3-4","2.52","|","3-5","2.14","|","4-5","4.05","|","4-6","3.60","|"
"Ρέιντζερς","Αθλέτικ Μπιλμπάο","Europa League","Σύνολο","Γκολ",":","1","1.05","|","2","1.31","|","3","1.95","|","4","3.40","|","5","6.90","|","6","15.00","|","7","34.00","|"
"Ρέιντζερς","Αθλέτικ Μπιλμπάο","Europa League","Ακριβές","Σκορ",":","1:0","9.25","|","2:0","14.50","|","2:1","10.00","|","3:0","33.00","|","3:1","22.00","|","3:2","28.00","|","4:0","80.00","|","4:1","60.00","|","4:2","75.00","|","4:3","100.00","|","5:0","125.00","|","5:1","125.00","|","5:2","125.00","|","5:3","150.00","|","5:4","150.00","|","6:0","125.00","|","6:1","150.00","|","6:2","125.00","|","6:3","175.00","|","7:0","125.00","|","7:1","125.00","|","8:0","125.00","|","9:0","125.00","|","10:0","125.00","|"
"Ρέιντζερς","Αθλέτικ Μπιλμπάο","Europa League","Ακριβές","Σκορ",":","0:0","9.75","|","1:1","6.30","|","2:2","12.50","|","3:3","50.00","|","4:4","150.00","|"
"Ρέιντζερς","Αθλέτικ Μπιλμπάο","Europa League","Ακριβές","Σκορ",":","0:1","7.90","|","0:2","10.50","|","1:2","8.75","|","0:3","20.00","|","1:3","16.50","|","2:3","24.00","|","0:4","50.00","|","1:4","40.00","|","2:4","60.00","|","3:4","95.00","|","0:5","100.00","|","1:5","90.00","|","2:5","125.00","|","3:5","175.00","|","4:5","150.00","|","0:6","175.00","|","1:6","125.00","|","2:6","125.00","|","3:6","150.00","|","0:7","125.00","|","1:7","175.00","|","2:7","175.00","|","0:8","125.00","|","0:9","125.00","|","0:10","125.00","|"
"Ρέιντζερς","Αθλέτικ Μπιλμπάο","Europa League","Αποτέλεσμα","και","Over/Under","1.5",":","Over None","3.60","|","Under None","8.50","|"
"Ρέιντζερς","Αθλέτικ Μπιλμπάο","Europa League","Αποτέλεσμα","και","Over/Under","1.5",":","Over None","4.55","|","Under None","10.00","|"
"Ρέιντζερς","Αθλέτικ Μπιλμπάο","Europa League","Αποτέλεσμα","και","Over/Under","1.5",":","Over None","2.92","|","Under None","7.70","|"
"Ρέιντζερς","Αθλέτικ Μπιλμπάο","Europa League","Αποτέλεσμα","και","Over/Under","2.5",":","Over None","4.70","|","Under None","5.70","|"
"Ρέιντζερς","Αθλέτικ Μπιλμπάο","Europa League","Αποτέλεσμα","και","Over/Under","2.5",":","Over None","12.50","|","Under None","4.30","|"
"Ρέιντζερς","Αθλέτικ Μπιλμπάο","Europa League","Αποτέλεσμα","και","Over/Under","2.5",":","Over None","3.85","|","Under None","4.85","|"
"Ρέιντζερς","Αθλέτικ Μπιλμπάο","Europa League","Αποτέλεσμα","και","Over/Under","3.5",":","Over None","9.25","|","Under None","3.50","|"
"Ρέιντζερς","Αθλέτικ Μπιλμπάο","Europa League","Αποτέλεσμα","και","Over/Under","3.5",":","Over None","12.50","|","Under None","4.25","|"
"Ρέιντζερς","Αθλέτικ Μπιλμπάο","Europa League","Αποτέλεσμα","και","Over/Under","3.5",":","Over None","7.40","|","Under None","2.97","|"
"Ρέιντζερς","Αθλέτικ Μπιλμπάο","Europa League","Αποτέλεσμα","και","Over/Under","4.5",":","Over None","15.50","|","Under None","3.00","|"
"Ρέιντζερς","Αθλέτικ Μπιλμπάο","Europa League","Αποτέλεσμα","και","Over/Under","4.5",":","Over None","50.00","|","Under None","3.40","|"
"Ρέιντζερς","Αθλέτικ Μπιλμπάο","Europa League","Αποτέλεσμα","και","Over/Under","4.5",":","Over None","12.50","|","Under None","2.52","|"
"Ρέιντζερς","Αθλέτικ Μπιλμπάο","Europa League","Αποτέλεσμα","και","Over/Under","5.5",":","Over None","40.00","|","Under None","2.75","|"
"Ρέιντζερς","Αθλέτικ Μπιλμπάο","Europa League","Αποτέλεσμα","και","Over/Under","5.5",":","Over None","50.00","|","Under None","3.40","|"
"Ρέιντζερς","Αθλέτικ Μπιλμπάο","Europa League","Αποτέλεσμα","και","Over/Under","5.5",":","Over None","31.00","|","Under None","2.29","|"
"Ρέιντζερς","Αθλέτικ Μπιλμπάο","Europa League","Αποτέλεσμα","Και","Να","Σκοράρουν","Και","Οι","Δύο","Ομάδες","(6πλής","Επιλογής)",":","1 Και Όχι","5.20","|","1 Και Ναι","5.50","|"
"Ρέιντζερς","Αθλέτικ Μπιλμπάο","Europa League","Αποτέλεσμα","Και","Να","Σκοράρουν","Και","Οι","Δύο","Ομάδες","(6πλής","Επιλογής)",":","Ισοπαλία Και Ναι","4.35","|","Ισοπαλία Και Όχι","9.75","|"
"Ρέιντζερς","Αθλέτικ Μπιλμπάο","Europa League","Αποτέλεσμα","Και","Να","Σκοράρουν","Και","Οι","Δύο","Ομάδες","(6πλής","Επιλογής)",":","2 Και Όχι","3.75","|","2 Και Ναι","4.30","|"
"Ρέιντζερς","Αθλέτικ Μπιλμπάο","Europa League","Να","Σκοράρουν","Και","Οι","Δύο","Ομάδες","και","Over/Under","2.5",":","Ναι και Over 2.5","2.20","|","Όχι και Under 2.5","2.38","|","Ναι και Under 2.5","6.40","|","Όχι και Over 2.5","10.00","|"
"Ρέιντζερς","Αθλέτικ Μπιλμπάο","Europa League","Να","Σκοράρουν","Και","Οι","Δύο","Ομάδες","και","Over/Under","3.5",":","Όχι και Under 3.5","2.06","|","Ναι και Under 3.5","3.05","|","Ναι και Over 3.5","3.50","|","Όχι και Over 3.5","28.00","|"
"Ρέιντζερς","Αθλέτικ Μπιλμπάο","Europa League","Να","Σκοράρουν","Και","Οι","Δύο","Ομάδες","και","Over/Under","4.5",":","Όχι και Under 4.5","1.98","|","Ναι και Under 4.5","2.20","|","Ναι και Over 4.5","6.30","|","Όχι και Over 4.5","46.00","|"
"Ρέιντζερς","Αθλέτικ Μπιλμπάο","Europa League","Να","Σκοράρουν","Και","Οι","Δύο","Ομάδες","και","Over/Under","5.5",":","Ναι και Under 5.5","1.82","|","Όχι και Under 5.5","1.95","|","Ναι και Over 5.5","12.50","|","Όχι και Over 5.5","90.00","|"
"Ρέιντζερς","Αθλέτικ Μπιλμπάο","Europa League","Οποτεδήποτε","Σκόρερ",":","Cyriel Dessers","3.10","|","Hamza Igmane","3.40","|","Vaclav Cerny","4.30","|","Danilo Pereira da Silva","4.30","|","Ianis Hagi","5.00","|","Tom Lawrence","5.00","|","James Tavernier","5.00","|","Oscar Cortés","5.50","|","Findlay Curtis","5.50","|","Nedim Bajrami","6.00","|","Mohammed Diomande","7.50","|","Ross McCausland","7.50","|","Bailey Rice","9.50","|","Dujon Sterling","11.00","|","Nicolas Raskin","11.00","|","Clinton Nsiala-Makengo","15.00","|","Rafael Fernandes","15.00","|","Barron Connor","15.00","|","Yilmaz Ridvan","15.00","|","Jefté Vital da Silva Dias","15.00","|","Leon King","17.00","|","John Souttar","17.00","|","Robin Pröpper","17.00","|","Balogun Leon","21.00","|"
"Ρέιντζερς","Αθλέτικ Μπιλμπάο","Europa League","Οποτεδήποτε","Σκόρερ",":","Guruzeta Gorka","2.87","|","Inaki Arthuer Dannis Williams","3.50","|","Oihan Sancet Tirapu","3.75","|","Maroan Sannadi Harrouch","4.00","|","Alvaro Djalo Dias Fernandes","4.30","|","Nico Williams","4.30","|","Unai Gomez","5.00","|","Alex Berenguer","5.50","|","Mikel Vesga","8.50","|","Benat Prados Diaz","8.50","|","Mikel Jauregizar Alboniga","10.00","|","Inigo Ruiz De Galarreta Echevarria","11.00","|","Adama Boiro","13.00","|","Unai Nunez","13.00","|","Dani Vivian","15.00","|","Andoni Gorosabel","15.00","|","Oscar De Marcos Arana","15.00","|","Aitor Paredes","17.00","|","Yeray Alvarez Lopez","17.00","|","Inigo Lekue","17.00","|","Yuri Berchiche Izeta","17.00","|"
"Ρέιντζερς","Αθλέτικ Μπιλμπάο","Europa League","Παίκτης","Να","Σκοράρει","Το","1ο","Γκολ",":","Cyriel Dessers","6.40","|","Hamza Igmane","6.90","|","Danilo Pereira da Silva","8.75","|","Vaclav Cerny","9.25","|","Ianis Hagi","10.50","|","Tom Lawrence","10.50","|","James Tavernier","10.50","|","Findlay Curtis","11.50","|","Oscar Cortés","11.50","|","Nedim Bajrami","12.50","|","Ross McCausland","16.50","|","Mohammed Diomande","16.50","|","Bailey Rice","20.00","|","Nicolas Raskin","25.00","|","Dujon Sterling","25.00","|","Jefté Vital da Silva Dias","33.00","|","Yilmaz Ridvan","33.00","|","Rafael Fernandes","33.00","|","Clinton Nsiala-Makengo","33.00","|","Barron Connor","33.00","|","Robin Pröpper","40.00","|","Leon King","40.00","|","John Souttar","40.00","|","Balogun Leon","50.00","|"
"Ρέιντζερς","Αθλέτικ Μπιλμπάο","Europa League","Παίκτης","Να","Σκοράρει","Το","1ο","Γκολ",":","Guruzeta Gorka","5.90","|","Inaki Arthuer Dannis Williams","7.40","|","Oihan Sancet Tirapu","7.90","|","Maroan Sannadi Harrouch","8.25","|","Alvaro Djalo Dias Fernandes","9.25","|","Nico Williams","9.25","|","Unai Gomez","10.50","|","Alex Berenguer","11.50","|","Benat Prados Diaz","18.50","|","Mikel Vesga","18.50","|","Mikel Jauregizar Alboniga","22.00","|","Inigo Ruiz De Galarreta Echevarria","25.00","|","Unai Nunez","28.00","|","Adama Boiro","28.00","|","Oscar De Marcos Arana","33.00","|","Andoni Gorosabel","33.00","|","Dani Vivian","33.00","|","Yeray Alvarez Lopez","40.00","|","Aitor Paredes","40.00","|","Inigo Lekue","40.00","|","Yuri Berchiche Izeta","40.00","|"
"Ρέιντζερς","Αθλέτικ Μπιλμπάο","Europa League","Παίκτης","Να","Σκοράρει","Το","1ο","Γκολ",":"
"Ρέιντζερς","Αθλέτικ Μπιλμπάο","Europa League","Να","Σκοράρει","2","ή","Περισσότερα","Γκολ",":","Guruzeta Gorka 2 ή περισσότερα","13.00","|","Cyriel Dessers 2 ή περισσότερα","15.00","|","Hamza Igmane 2 ή περισσότερα","17.00","|","Inaki Arthuer Dannis Williams 2 ή περισσότερα","19.00","|","Oihan Sancet Tirapu 2 ή περισσότερα","21.00","|","Maroan Sannadi Harrouch 2 ή περισσότερα","23.00","|","Danilo Pereira da Silva 2 ή περισσότερα","26.00","|","Nico Williams 2 ή περισσότερα","29.00","|","Alvaro Djalo Dias Fernandes 2 ή περισσότερα","29.00","|","Vaclav Cerny 2 ή περισσότερα","29.00","|","James Tavernier 2 ή περισσότερα","34.00","|","Unai Gomez 2 ή περισσότερα","34.00","|","Tom Lawrence 2 ή περισσότερα","34.00","|","Ianis Hagi 2 ή περισσότερα","34.00","|","Findlay Curtis 2 ή περισσότερα","41.00","|","Alex Berenguer 2 ή περισσότερα","41.00","|","Oscar Cortés 2 ή περισσότερα","41.00","|","Nedim Bajrami 2 ή περισσότερα","50.00","|","Ross McCausland 2 ή περισσότερα","65.00","|","Mohammed Diomande 2 ή περισσότερα","65.00","|","Mikel Jauregizar Alboniga 2 ή περισσότερα","100.00","|","Benat Prados Diaz 2 ή περισσότερα","100.00","|","Nicolas Raskin 2 ή περισσότερα","100.00","|","Inigo Ruiz De Galarreta Echevarria 2 ή περισσότερα","100.00","|","Bailey Rice 2 ή περισσότερα","100.00","|","Dujon Sterling 2 ή περισσότερα","100.00","|","Mikel Vesga 2 ή περισσότερα","100.00","|","Dani Vivian 2 ή περισσότερα","125.00","|","Rafael Fernandes 2 ή περισσότερα","125.00","|","Andoni Gorosabel 2 ή περισσότερα","125.00","|","Unai Nunez 2 ή περισσότερα","125.00","|","Barron Connor 2 ή περισσότερα","125.00","|","Oscar De Marcos Arana 2 ή περισσότερα","125.00","|","Adama Boiro 2 ή περισσότερα","125.00","|","Clinton Nsiala-Makengo 2 ή περισσότερα","125.00","|","Jefté Vital da Silva Dias 2 ή περισσότερα","125.00","|","Yilmaz Ridvan 2 ή περισσότερα","125.00","|","Inigo Lekue 2 ή περισσότερα","150.00","|","Leon King 2 ή περισσότερα","150.00","|","Aitor Paredes 2 ή περισσότερα","150.00","|","Yuri Berchiche Izeta 2 ή περισσότερα","150.00","|","John Souttar 2 ή περισσότερα","150.00","|","Yeray Alvarez Lopez 2 ή περισσότερα","150.00","|","Robin Pröpper 2 ή περισσότερα","150.00","|","Balogun Leon 2 ή περισσότερα","200.00","|"
"Ρέιντζερς","Αθλέτικ Μπιλμπάο","Europa League","Να","Σκοράρει","3","ή","Περισσότερα","Γκολ",":","Guruzeta Gorka 3 ή περισσότερα","65.00","|","Cyriel Dessers 3 ή περισσότερα","80.00","|","Vaclav Cerny 3 ή περισσότερα","100.00","|","Oihan Sancet Tirapu 3 ή περισσότερα","100.00","|","Alvaro Djalo Dias Fernandes 3 ή περισσότερα","100.00","|","Danilo Pereira da Silva 3 ή περισσότερα","100.00","|","Inaki Arthuer Dannis Williams 3 ή περισσότερα","100.00","|","Maroan Sannadi Harrouch 3 ή περισσότερα","100.00","|","Nico Williams 3 ή περισσότερα","100.00","|","Hamza Igmane 3 ή περισσότερα","100.00","|","James Tavernier 3 ή περισσότερα","125.00","|","Ianis Hagi 3 ή περισσότερα","125.00","|","Tom Lawrence 3 ή περισσότερα","125.00","|","Unai Gomez 3 ή περισσότερα","125.00","|","Oscar Cortés 3 ή περισσότερα","150.00","|","Alex Berenguer 3 ή περισσότερα","150.00","|","Nedim Bajrami 3 ή περισσότερα","150.00","|","Findlay Curtis 3 ή περισσότερα","150.00","|","Mohammed Diomande 3 ή περισσότερα","200.00","|","Ross McCausland 3 ή περισσότερα","200.00","|","Mikel Vesga 3 ή περισσότερα","350.00","|","Benat Prados Diaz 3 ή περισσότερα","350.00","|","Bailey Rice 3 ή περισσότερα","450.00","|","Rafael Fernandes 3 ή περισσότερα","500.00","|","Unai Nunez 3 ή περισσότερα","500.00","|","Dani Vivian 3 ή περισσότερα","500.00","|","Andoni Gorosabel 3 ή περισσότερα","500.00","|","Nicolas Raskin 3 ή περισσότερα","500.00","|","Robin Pröpper 3 ή περισσότερα","500.00","|","John Souttar 3 ή περισσότερα","500.00","|","Aitor Paredes 3 ή περισσότερα","500.00","|","Yuri Berchiche Izeta 3 ή περισσότερα","500.00","|","Dujon Sterling 3 ή περισσότερα","500.00","|","Mikel Jauregizar Alboniga 3 ή περισσότερα","500.00","|","Oscar De Marcos Arana 3 ή περισσότερα","500.00","|","Yilmaz Ridvan 3 ή περισσότερα","500.00","|","Barron Connor 3 ή περισσότερα","500.00","|","Clinton Nsiala-Makengo 3 ή περισσότερα","500.00","|","Adama Boiro 3 ή περισσότερα","500.00","|","Balogun Leon 3 ή περισσότερα","500.00","|","Leon King 3 ή περισσότερα","500.00","|","Inigo Lekue 3 ή περισσότερα","500.00","|","Yeray Alvarez Lopez 3 ή περισσότερα","500.00","|","Jefté Vital da Silva Dias 3 ή περισσότερα","500.00","|","Inigo Ruiz De Galarreta Echevarria 3 ή περισσότερα","500.00","|"
"Τότεναμ","Άιντραχτ Φρανκφούρτης","Europa League","Τελικό","Αποτέλεσμα",":","Τότεναμ","1.83","|","Ισοπαλία","4.05","|","Άιντραχτ Φρανκφούρτης","4.15","|"
"Τότεναμ","Άιντραχτ Φρανκφούρτης","Europa League","Πρόκριση","Αγώνας",":","Τότεναμ","1.74","|","Άιντραχτ Φρανκφούρτης","2.14","|"
"Τότεναμ","Άιντραχτ Φρανκφούρτης","Europa League","Διπλή","Ευκαιρία",":","Τότεναμ ή Ισοπαλία","1.26","|","Τότεναμ ή Άιντραχτ Φρανκφούρτης","1.28","|","Άιντραχτ Φρανκφούρτης ή Ισοπαλία","2.06","|"
"Τότεναμ","Άιντραχτ Φρανκφούρτης","Europa League","Γκολ","Over/Under",":","Over 0.5","1.03","|","Under 0.5","13.50","|"
"Τότεναμ","Άιντραχτ Φρανκφούρτης","Europa League","Γκολ","Over/Under",":","Over 1.25","1.12","|","Under 1.25","6.60","|"
"Τότεναμ","Άιντραχτ Φρανκφούρτης","Europa League","Γκολ","Over/Under",":","Over 1.5","1.21","|","Under 1.5","4.65","|"
"Τότεναμ","Άιντραχτ Φρανκφούρτης","Europa League","Γκολ","Over/Under",":","Over 1.75","1.24","|","Under 1.75","4.25","|"
"Τότεναμ","Άιντραχτ Φρανκφούρτης","Europa League","Γκολ","Over/Under",":","Over 2","1.28","|","Under 2","3.80","|"
"Τότεναμ","Άιντραχτ Φρανκφούρτης","Europa League","Γκολ","Over/Under",":","Over 2.25","1.45","|","Under 2.25","2.82","|"
"Τότεναμ","Άιντραχτ Φρανκφούρτης","Europa League","Γκολ","Over/Under",":","Over 2.5","1.62","|","Under 2.5","2.35","|"
"Τότεναμ","Άιντραχτ Φρανκφούρτης","Europa League","Γκολ","Over/Under",":","Over 2.75","1.76","|","Under 2.75","2.11","|"
"Τότεναμ","Άιντραχτ Φρανκφούρτης","Europa League","Γκολ","Over/Under",":","Over 3","1.98","|","Under 3","1.86","|"
"Τότεναμ","Άιντραχτ Φρανκφούρτης","Europa League","Γκολ","Over/Under",":","Over 3.25","2.25","|","Under 3.25","1.67","|"
"Τότεναμ","Άιντραχτ Φρανκφούρτης","Europa League","Γκολ","Over/Under",":","Over 3.5","2.55","|","Under 3.5","1.54","|"
"Τότεναμ","Άιντραχτ Φρανκφούρτης","Europa League","Γκολ","Over/Under",":","Over 3.75","2.87","|","Under 3.75","1.44","|"
"Τότεναμ","Άιντραχτ Φρανκφούρτης","Europa League","Γκολ","Over/Under",":","Over 4","3.75","|","Under 4","1.29","|"
"Τότεναμ","Άιντραχτ Φρανκφούρτης","Europa League","Γκολ","Over/Under",":","Over 4.25","4.20","|","Under 4.25","1.24","|"
"Τότεναμ","Άιντραχτ Φρανκφούρτης","Europa League","Γκολ","Over/Under",":","Over 4.5","4.50","|","Under 4.5","1.22","|"
"Τότεναμ","Άιντραχτ Φρανκφούρτης","Europa League","Γκολ","Over/Under",":","Over 4.75","5.50","|","Under 4.75","1.16","|"
"Τότεναμ","Άιντραχτ Φρανκφούρτης","Europa League","Γκολ","Over/Under",":","Over 5.5","8.00","|","Under 5.5","1.09","|"
"Τότεναμ","Άιντραχτ Φρανκφούρτης","Europa League","Γκολ","Over/Under",":","Over 6.5","17.00","|","Under 6.5","1.02","|"
"Τότεναμ","Άιντραχτ Φρανκφούρτης","Europa League","Γκολ","Over/Under",":","Over 7.5","28.00","|","Under 7.5","N/A","|"
"Τότεναμ","Άιντραχτ Φρανκφούρτης","Europa League","Να","Σκοράρουν","Και","Οι","Δύο","Ομάδες",":","Ναι","1.60","|","Όχι","2.34","|"
"Τότεναμ","Άιντραχτ Φρανκφούρτης","Europa League","Να","Σκοράρουν","Και","Οι","Δύο","Ομάδες","ή","Over","2.5",":","Ναι","1.40","|","Όχι (2-0, 1-0, 0-0, 0-1 ή 0-2)","2.85","|"
"Τότεναμ","Άιντραχτ Φρανκφούρτης","Europa League","Τελικό","Αποτέλεσμα","1ο","Ημίχρονο",":","Τότεναμ","2.38","|","Ισοπαλία","2.38","|","Άιντραχτ Φρανκφούρτης","4.45","|"
"Τότεναμ","Άιντραχτ Φρανκφούρτης","Europa League","Γκολ","Over/Under","1ο","Ημίχρονο",":","Over 0.5","1.33","|","Under 0.5","3.40","|"
"Τότεναμ","Άιντραχτ Φρανκφούρτης","Europa League","Γκολ","Over/Under","1ο","Ημίχρονο",":","Over 0.75","1.42","|","Under 0.75","2.95","|"
"Τότεναμ","Άιντραχτ Φρανκφούρτης","Europa League","Γκολ","Over/Under","1ο","Ημίχρονο",":","Over 1","1.60","|","Under 1","2.41","|"
"Τότεναμ","Άιντραχτ Φρανκφούρτης","Europa League","Γκολ","Over/Under","1ο","Ημίχρονο",":","Over 1.25","2.03","|","Under 1.25","1.82","|"
"Τότεναμ","Άιντραχτ Φρανκφούρτης","Europa League","Γκολ","Over/Under","1ο","Ημίχρονο",":","Over 1.5","2.43","|","Under 1.5","1.59","|"
"Τότεναμ","Άιντραχτ Φρανκφούρτης","Europa League","Γκολ","Over/Under","1ο","Ημίχρονο",":","Over 1.75","3.00","|","Under 1.75","1.40","|"
"Τότεναμ","Άιντραχτ Φρανκφούρτης","Europa League","Γκολ","Over/Under","1ο","Ημίχρονο",":","Over 2","4.40","|","Under 2","1.22","|"
"Τότεναμ","Άιντραχτ Φρανκφούρτης","Europa League","Γκολ","Over/Under","1ο","Ημίχρονο",":","Over 2.25","5.00","|","Under 2.25","1.19","|"
"Τότεναμ","Άιντραχτ Φρανκφούρτης","Europa League","Γκολ","Over/Under","1ο","Ημίχρονο",":","Over 2.5","5.60","|","Under 2.5","1.15","|"
"Τότεναμ","Άιντραχτ Φρανκφούρτης","Europa League","Γκολ","Over/Under","1ο","Ημίχρονο",":","Over 3.5","14.50","|","Under 3.5","1.03","|"
"Τότεναμ","Άιντραχτ Φρανκφούρτης","Europa League","Γκολ","Over/Under","1ο","Ημίχρονο",":","Over 4.5","35.00","|","Under 4.5","N/A","|"
"Τότεναμ","Άιντραχτ Φρανκφούρτης","Europa League","Χάντικαπ",":","Τότεναμ (-4)","32.00","|","Ισοπαλία (Τότεναμ -4)","18.00","|","Άιντραχτ Φρανκφούρτης (+4)","1.01","|"
"Τότεναμ","Άιντραχτ Φρανκφούρτης","Europa League","Χάντικαπ",":","Τότεναμ (-3)","13.00","|","Ισοπαλία (Τότεναμ -3)","9.00","|","Άιντραχτ Φρανκφούρτης (+3)","1.12","|"
"Τότεναμ","Άιντραχτ Φρανκφούρτης","Europa League","Χάντικαπ",":","Τότεναμ (-2)","6.10","|","Ισοπαλία (Τότεναμ -2)","5.20","|","Άιντραχτ Φρανκφούρτης (+2)","1.38","|"
"Τότεναμ","Άιντραχτ Φρανκφούρτης","Europa League","Χάντικαπ",":","Τότεναμ (-1)","3.05","|","Ισοπαλία (Τότεναμ -1)","3.90","|","Άιντραχτ Φρανκφούρτης (+1)","2.03","|"
"Τότεναμ","Άιντραχτ Φρανκφούρτης","Europa League","Χάντικαπ",":","Τότεναμ (+1)","1.28","|","Ισοπαλία (Τότεναμ +1)","5.70","|","Άιντραχτ Φρανκφούρτης (-1)","8.00","|"
"Τότεναμ","Άιντραχτ Φρανκφούρτης","Europa League","Χάντικαπ",":","Τότεναμ (+2)","1.07","|","Ισοπαλία (Τότεναμ +2)","11.00","|","Άιντραχτ Φρανκφούρτης (-2)","20.00","|"
"Τότεναμ","Άιντραχτ Φρανκφούρτης","Europa League","Χάντικαπ",":","Option 1","N/A","|","Ισοπαλία (Τότεναμ +3)","25.00","|","Άιντραχτ Φρανκφούρτης (-3)","50.00","|"
"Τότεναμ","Άιντραχτ Φρανκφούρτης","Europa League","Ασιατικό","Χάντικαπ",":","-3.5","12.50","|","+3.5","1.04","|"
"Τότεναμ","Άιντραχτ Φρανκφούρτης","Europa League","Ασιατικό","Χάντικαπ",":","-3","9.75","|","+3","1.06","|"
"Τότεναμ","Άιντραχτ Φρανκφούρτης","Europa League","Ασιατικό","Χάντικαπ",":","-2.5","5.50","|","+2.5","1.16","|"
"Τότεναμ","Άιντραχτ Φρανκφούρτης","Europa League","Ασιατικό","Χάντικαπ",":","-2.25","5.40","|","+2.25","1.16","|"
"Τότεναμ","Άιντραχτ Φρανκφούρτης","Europa League","Ασιατικό","Χάντικαπ",":","-2","4.85","|","+2","1.19","|"
"Τότεναμ","Άιντραχτ Φρανκφούρτης","Europa League","Ασιατικό","Χάντικαπ",":","-1.75","3.60","|","+1.75","1.31","|"
"Τότεναμ","Άιντραχτ Φρανκφούρτης","Europa League","Ασιατικό","Χάντικαπ",":","-1.5","2.95","|","+1.5","1.42","|"
"Τότεναμ","Άιντραχτ Φρανκφούρτης","Europa League","Ασιατικό","Χάντικαπ",":","-1.25","2.65","|","+1.25","1.51","|"
"Τότεναμ","Άιντραχτ Φρανκφούρτης","Europa League","Ασιατικό","Χάντικαπ",":","-1","2.32","|","+1","1.64","|"
"Τότεναμ","Άιντραχτ Φρανκφούρτης","Europa League","Ασιατικό","Χάντικαπ",":","-0.75","2.00","|","+0.75","1.85","|"
"Τότεναμ","Άιντραχτ Φρανκφούρτης","Europa League","Ασιατικό","Χάντικαπ",":","-0.5","1.79","|","+0.5","2.07","|"
"Τότεναμ","Άιντραχτ Φρανκφούρτης","Europa League","Ασιατικό","Χάντικαπ",":","-0.25","1.58","|","+0.25","2.45","|"
"Τότεναμ","Άιντραχτ Φρανκφούρτης","Europa League","Ασιατικό","Χάντικαπ",":","0","1.38","|","0","3.15","|"
"Τότεναμ","Άιντραχτ Φρανκφούρτης","Europa League","Ασιατικό","Χάντικαπ",":","+0.25","1.31","|","-0.25","3.55","|"
"Τότεναμ","Άιντραχτ Φρανκφούρτης","Europa League","Ασιατικό","Χάντικαπ",":","+0.5","1.27","|","-0.5","3.95","|"
"Τότεναμ","Άιντραχτ Φρανκφούρτης","Europa League","Ασιατικό","Χάντικαπ",":","+0.75","1.18","|","-0.75","5.10","|"
"Τότεναμ","Άιντραχτ Φρανκφούρτης","Europa League","Ασιατικό","Χάντικαπ",":","+1","1.09","|","-1","7.70","|"
"Τότεναμ","Άιντραχτ Φρανκφούρτης","Europa League","Ασιατικό","Χάντικαπ",":","+1.25","1.10","|","-1.25","7.60","|"
"Τότεναμ","Άιντραχτ Φρανκφούρτης","Europa League","Ασιατικό","Χάντικαπ",":","+1.5","1.08","|","-1.5","8.50","|"
"Τότεναμ","Άιντραχτ Φρανκφούρτης","Europa League","Ασιατικό","Χάντικαπ",":","+1.75","1.05","|","-1.75","11.00","|"
"Τότεναμ","Άιντραχτ Φρανκφούρτης","Europa League","Ασιατικό","Χάντικαπ",":","+2","1.01","|","-2","19.50","|"
"Τότεναμ","Άιντραχτ Φρανκφούρτης","Europa League","Ασιατικό","Χάντικαπ","1ο","Ημίχρονο",":","-2","18.00","|","+2","1.01","|"
"Τότεναμ","Άιντραχτ Φρανκφούρτης","Europa League","Ασιατικό","Χάντικαπ","1ο","Ημίχρονο",":","-1.75","8.75","|","+1.75","1.07","|"
"Τότεναμ","Άιντραχτ Φρανκφούρτης","Europa League","Ασιατικό","Χάντικαπ","1ο","Ημίχρονο",":","-1.5","5.70","|","+1.5","1.15","|"
"Τότεναμ","Άιντραχτ Φρανκφούρτης","Europa League","Ασιατικό","Χάντικαπ","1ο","Ημίχρονο",":","-1.25","5.40","|","+1.25","1.16","|"
"Τότεναμ","Άιντραχτ Φρανκφούρτης","Europa League","Ασιατικό","Χάντικαπ","1ο","Ημίχρονο",":","-1","4.50","|","+1","1.22","|"
"Τότεναμ","Άιντραχτ Φρανκφούρτης","Europa League","Ασιατικό","Χάντικαπ","1ο","Ημίχρονο",":","-0.75","2.90","|","+0.75","1.43","|"
"Τότεναμ","Άιντραχτ Φρανκφούρτης","Europa League","Ασιατικό","Χάντικαπ","1ο","Ημίχρονο",":","-0.5","2.34","|","+0.5","1.63","|"
"Τότεναμ","Άιντραχτ Φρανκφούρτης","Europa League","Ασιατικό","Χάντικαπ","1ο","Ημίχρονο",":","-0.25","1.92","|","+0.25","1.92","|"
"Τότεναμ","Άιντραχτ Φρανκφούρτης","Europa League","Ασιατικό","Χάντικαπ","1ο","Ημίχρονο",":","0","1.46","|","0","2.77","|"
"Τότεναμ","Άιντραχτ Φρανκφούρτης","Europa League","Ασιατικό","Χάντικαπ","1ο","Ημίχρονο",":","+0.25","1.31","|","-0.25","3.55","|"
"Τότεναμ","Άιντραχτ Φρανκφούρτης","Europa League","Ασιατικό","Χάντικαπ","1ο","Ημίχρονο",":","+0.5","1.24","|","-0.5","4.15","|"
"Τότεναμ","Άιντραχτ Φρανκφούρτης","Europa League","Ασιατικό","Χάντικαπ","1ο","Ημίχρονο",":","+0.75","1.15","|","-0.75","5.80","|"
"Τότεναμ","Άιντραχτ Φρανκφούρτης","Europa League","Ασιατικό","Χάντικαπ","1ο","Ημίχρονο",":","+1","1.04","|","-1","12.00","|"
"Τότεναμ","Άιντραχτ Φρανκφούρτης","Europa League","Ασιατικό","Χάντικαπ","1ο","Ημίχρονο",":","+1.25","1.03","|","-1.25","13.00","|"
"Τότεναμ","Άιντραχτ Φρανκφούρτης","Europa League","Ασιατικό","Χάντικαπ","1ο","Ημίχρονο",":","+1.5","1.03","|","-1.5","14.00","|"
"Τότεναμ","Άιντραχτ Φρανκφούρτης","Europa League","Ασιατικό","Χάντικαπ","1ο","Ημίχρονο",":","+1.75","1.007","|","-1.75","21.00","|"
"Τότεναμ","Άιντραχτ Φρανκφούρτης","Europa League","Ασιατικό","Χάντικαπ","1ο","Ημίχρονο",":","Τότεναμ","N/A","|","-2","50.00","|"
"Τότεναμ","Άιντραχτ Φρανκφούρτης","Europa League","Ισοπαλία","Όχι","Στοίχημα",":","Τότεναμ","1.38","|","Άιντραχτ Φρανκφούρτης","3.05","|"
"Τότεναμ","Άιντραχτ Φρανκφούρτης","Europa League","Γηπεδούχος","Όχι","Στοίχημα",":","Ισοπαλία","1.88","|","Άιντραχτ Φρανκφούρτης","1.93","|"
"Τότεναμ","Άιντραχτ Φρανκφούρτης","Europa League","Φιλοξενούμενος","Όχι","Στοίχημα",":","Ισοπαλία","2.92","|","Τότεναμ","1.40","|"
"Τότεναμ","Άιντραχτ Φρανκφούρτης","Europa League","Ημίχρονο/Τελικό",":","Τότεναμ / Τότεναμ","2.82","|","Τότεναμ / Ισοπαλία","14.50","|","Τότεναμ / Άιντραχτ Φρανκφούρτης","32.00","|"
"Τότεναμ","Άιντραχτ Φρανκφούρτης","Europa League","Ημίχρονο/Τελικό",":","Ισοπαλία / Τότεναμ","5.20","|","Ισοπαλία / Ισοπαλία","6.60","|","Ισοπαλία / Άιντραχτ Φρανκφούρτης","9.00","|"
"Τότεναμ","Άιντραχτ Φρανκφούρτης","Europa League","Ημίχρονο/Τελικό",":","Άιντραχτ Φρανκφούρτης / Άιντραχτ Φρανκφούρτης","6.30","|","Άιντραχτ Φρανκφούρτης / Ισοπαλία","15.00","|","Άιντραχτ Φρανκφούρτης / Τότεναμ","21.00","|"
"Τότεναμ","Άιντραχτ Φρανκφούρτης","Europa League","Ημίχρονο","Ή","Τελικό",":","Τότεναμ","1.49","|","Ισοπαλία","1.79","|","Άιντραχτ Φρανκφούρτης","2.80","|"
"Τότεναμ","Άιντραχτ Φρανκφούρτης","Europa League","Να","Κερδίσει","και","τα","2","Ημίχρονα",":","Τότεναμ","4.90","|","Άιντραχτ Φρανκφούρτης","14.50","|"
"Τότεναμ","Άιντραχτ Φρανκφούρτης","Europa League","Γκολ","Και","Στα","2","Ημίχρονα",":","Ναι","1.54","|","Όχι","2.28","|"
"Τότεναμ","Άιντραχτ Φρανκφούρτης","Europa League","Να","Σκοράρει","και","Στα","2","Ημίχρονα",":","Τότεναμ","2.45","|","Άιντραχτ Φρανκφούρτης","4.40","|"
"Τότεναμ","Άιντραχτ Φρανκφούρτης","Europa League","Να","Βρεθεί","Πίσω","στο","Σκορ","Και","να","Κερδίσει",":","Τότεναμ","7.80","|","Άιντραχτ Φρανκφούρτης","12.50","|"
"Τότεναμ","Άιντραχτ Φρανκφούρτης","Europa League","Σύνολο","Γκολ",":","0","14.00","|","1","5.50","|","2","3.85","|","3","3.80","|","4","4.95","|","5","7.80","|","6","14.00","|","7","27.00","|"
"Τότεναμ","Άιντραχτ Φρανκφούρτης","Europa League","Σύνολο","Γκολ",":","0-5","1.06","|","0-1","4.30","|","0-3","1.45","|","0-2","2.16","|","0-4","1.17","|","1-2","2.42","|","1-4","1.24","|","1-3","1.56","|","1-5","1.11","|","2-5","1.32","|","2-6","1.24","|","2-4","1.52","|","2-3","2.04","|","3-6","1.71","|","3-5","1.87","|","3-4","2.30","|","4-5","3.25","|","4-6","2.77","|"
"Τότεναμ","Άιντραχτ Φρανκφούρτης","Europa League","Σύνολο","Γκολ",":","1","1.03","|","2","1.19","|","3","1.62","|","4","2.55","|","5","4.65","|","6","9.25","|","7","20.00","|"
"Τότεναμ","Άιντραχτ Φρανκφούρτης","Europa League","Ακριβές","Σκορ",":","1:0","8.50","|","2:0","9.25","|","2:1","7.60","|","3:0","14.00","|","3:1","12.00","|","3:2","18.50","|","4:0","27.00","|","4:1","22.00","|","4:2","33.00","|","4:3","65.00","|","5:0","55.00","|","5:1","50.00","|","5:2","75.00","|","5:3","125.00","|","5:4","175.00","|","6:0","100.00","|","6:1","100.00","|","6:2","125.00","|","6:3","175.00","|","6:4","175.00","|","7:0","125.00","|","7:1","125.00","|","7:2","150.00","|","7:3","175.00","|","8:0","175.00","|","8:1","150.00","|","8:2","175.00","|","9:0","125.00","|","10:0","125.00","|"
"Τότεναμ","Άιντραχτ Φρανκφούρτης","Europa League","Ακριβές","Σκορ",":","0:0","13.00","|","1:1","7.40","|","2:2","11.50","|","3:3","36.00","|","4:4","125.00","|","5:5","175.00","|"
"Τότεναμ","Άιντραχτ Φρανκφούρτης","Europa League","Ακριβές","Σκορ",":","0:1","13.50","|","0:2","22.00","|","1:2","12.50","|","0:3","50.00","|","1:3","26.00","|","2:3","28.00","|","0:4","100.00","|","1:4","75.00","|","2:4","75.00","|","3:4","85.00","|","0:5","175.00","|","1:5","125.00","|","2:5","125.00","|","3:5","175.00","|","4:5","175.00","|","0:6","175.00","|","1:6","125.00","|","2:6","125.00","|","3:6","175.00","|","0:7","125.00","|","1:7","125.00","|","0:8","125.00","|","0:9","125.00","|"
"Τότεναμ","Άιντραχτ Φρανκφούρτης","Europa League","Αποτέλεσμα","και","Over/Under","1.5",":","Over None","2.01","|","Under None","8.50","|"
"Τότεναμ","Άιντραχτ Φρανκφούρτης","Europa League","Αποτέλεσμα","και","Over/Under","1.5",":","Over None","4.65","|","Under None","14.50","|"
"Τότεναμ","Άιντραχτ Φρανκφούρτης","Europa League","Αποτέλεσμα","και","Over/Under","1.5",":","Over None","4.45","|","Under None","12.50","|"
"Τότεναμ","Άιντραχτ Φρανκφούρτης","Europa League","Αποτέλεσμα","και","Over/Under","2.5",":","Over None","2.50","|","Under None","4.85","|"
"Τότεναμ","Άιντραχτ Φρανκφούρτης","Europa League","Αποτέλεσμα","και","Over/Under","2.5",":","Over None","10.50","|","Under None","5.40","|"
"Τότεναμ","Άιντραχτ Φρανκφούρτης","Europa League","Αποτέλεσμα","και","Over/Under","2.5",":","Over None","5.50","|","Under None","8.50","|"
"Τότεναμ","Άιντραχτ Φρανκφούρτης","Europa League","Αποτέλεσμα","και","Over/Under","3.5",":","Over None","4.20","|","Under None","2.72","|"
"Τότεναμ","Άιντραχτ Φρανκφούρτης","Europa League","Αποτέλεσμα","και","Over/Under","3.5",":","Over None","10.50","|","Under None","5.40","|"
"Τότεναμ","Άιντραχτ Φρανκφούρτης","Europa League","Αποτέλεσμα","και","Over/Under","3.5",":","Over None","10.50","|","Under None","5.00","|"
"Τότεναμ","Άιντραχτ Φρανκφούρτης","Europa League","Αποτέλεσμα","και","Over/Under","4.5",":","Over None","6.80","|","Under None","2.19","|"
"Τότεναμ","Άιντραχτ Φρανκφούρτης","Europa League","Αποτέλεσμα","και","Over/Under","4.5",":","Over None","39.00","|","Under None","4.05","|"
"Τότεναμ","Άιντραχτ Φρανκφούρτης","Europa League","Αποτέλεσμα","και","Over/Under","4.5",":","Over None","16.00","|","Under None","4.30","|"
"Τότεναμ","Άιντραχτ Φρανκφούρτης","Europa League","Αποτέλεσμα","και","Over/Under","5.5",":","Over None","14.50","|","Under None","1.89","|"
"Τότεναμ","Άιντραχτ Φρανκφούρτης","Europa League","Αποτέλεσμα","και","Over/Under","5.5",":","Over None","39.00","|","Under None","4.05","|"
"Τότεναμ","Άιντραχτ Φρανκφούρτης","Europa League","Αποτέλεσμα","και","Over/Under","5.5",":","Over None","38.00","|","Under None","3.75","|"
"Τότεναμ","Άιντραχτ Φρανκφούρτης","Europa League","Αποτέλεσμα","Και","Να","Σκοράρουν","Και","Οι","Δύο","Ομάδες","(6πλής","Επιλογής)",":","1 Και Ναι","3.10","|","1 Και Όχι","3.30","|"
"Τότεναμ","Άιντραχτ Φρανκφούρτης","Europa League","Αποτέλεσμα","Και","Να","Σκοράρουν","Και","Οι","Δύο","Ομάδες","(6πλής","Επιλογής)",":","Ισοπαλία Και Ναι","4.45","|","Ισοπαλία Και Όχι","14.00","|"
"Τότεναμ","Άιντραχτ Φρανκφούρτης","Europa League","Αποτέλεσμα","Και","Να","Σκοράρουν","Και","Οι","Δύο","Ομάδες","(6πλής","Επιλογής)",":","2 Και Όχι","7.80","|","2 Και Ναι","6.20","|"
"Τότεναμ","Άιντραχτ Φρανκφούρτης","Europa League","Να","Σκοράρουν","Και","Οι","Δύο","Ομάδες","και","Over/Under","2.5",":","Ναι και Over 2.5","1.91","|","Όχι και Under 2.5","2.92","|","Ναι και Under 2.5","7.50","|","Όχι και Over 2.5","7.60","|"
"Τότεναμ","Άιντραχτ Φρανκφούρτης","Europa League","Να","Σκοράρουν","Και","Οι","Δύο","Ομάδες","και","Over/Under","3.5",":","Όχι και Under 3.5","2.45","|","Ναι και Over 3.5","2.75","|","Ναι και Under 3.5","3.30","|","Όχι και Over 3.5","17.50","|"
"Τότεναμ","Άιντραχτ Φρανκφούρτης","Europa League","Να","Σκοράρουν","Και","Οι","Δύο","Ομάδες","και","Over/Under","4.5",":","Ναι και Under 4.5","2.20","|","Όχι και Under 4.5","2.25","|","Ναι και Over 4.5","4.50","|","Όχι και Over 4.5","29.00","|"
"Τότεναμ","Άιντραχτ Φρανκφούρτης","Europa League","Να","Σκοράρουν","Και","Οι","Δύο","Ομάδες","και","Over/Under","5.5",":","Ναι και Under 5.5","1.83","|","Όχι και Under 5.5","2.20","|","Ναι και Over 5.5","8.50","|","Όχι και Over 5.5","55.00","|"
"Τότεναμ","Άιντραχτ Φρανκφούρτης","Europa League","Οποτεδήποτε","Σκόρερ",":","Dominic Solanke","2.50","|","Son Heung-Min","2.87","|","Richarlison","2.87","|","Mathys Henri Tel","3.00","|","Scarlett Dane","3.00","|","Brennan Johnson","3.20","|","Timo Werner","3.40","|","Wilson Odobert","3.75","|","Mikey Moore","4.00","|","James Maddison","4.00","|","Yves Bissouma","7.00","|","Lucas Bergvall","7.00","|","Porro Pedro","8.50","|","Pape Matar Sarr","8.50","|","Rodrigo Bentancur","8.50","|","Archie Gray","10.00","|","Destiny Udogie","10.00","|","Kevin Danso","10.00","|","Sergio Reguilon","11.00","|","Djed Spence","11.00","|","Cristian Romero","11.00","|","Micky Van de Ven","13.00","|","Ben Davies","13.00","|"
"Τότεναμ","Άιντραχτ Φρανκφούρτης","Europa League","Οποτεδήποτε","Σκόρερ",":","Igor Matanović","3.20","|","Hugo Ekitike","3.20","|","Michy Batshuayi","4.00","|","Sepe Elye Wahi","4.00","|","Jean-Matteo Bahoya","4.00","|","Can Yilmaz Uzun","4.00","|","Eric Junior Dina Ebimbe","4.75","|","Ansgar Knauff","6.00","|","Mario Gotze","7.00","|","Fares Chaibi","7.50","|","Nnamdi Collins","7.50","|","Oscar Winther Højlund","8.50","|","Nathaniel Brown","8.50","|","Niels Nkounkou","9.00","|","Hugo Larsson","10.00","|","Noah Fenyo","11.00","|","Timothy Chandler","13.00","|","Mahmoud Dahoud","13.00","|","Rasmus Kristensen","13.00","|","Ellyes Skhiri","13.00","|","Aurele Amenda","15.00","|","Robin Koch","15.00","|","Theate Arthur","15.00","|"
"Τότεναμ","Άιντραχτ Φρανκφούρτης","Europa League","Παίκτης","Να","Σκοράρει","Το","1ο","Γκολ",":","Dominic Solanke","5.40","|","Richarlison","6.40","|","Son Heung-Min","6.40","|","Mathys Henri Tel","6.90","|","Scarlett Dane","6.90","|","Brennan Johnson","7.40","|","Timo Werner","7.90","|","Wilson Odobert","8.75","|","James Maddison","9.25","|","Mikey Moore","9.75","|","Yves Bissouma","16.50","|","Lucas Bergvall","16.50","|","Rodrigo Bentancur","20.00","|","Pape Matar Sarr","20.00","|","Porro Pedro","20.00","|","Archie Gray","25.00","|","Kevin Danso","25.00","|","Destiny Udogie","25.00","|","Sergio Reguilon","28.00","|","Cristian Romero","28.00","|","Djed Spence","28.00","|","Micky Van de Ven","33.00","|","Ben Davies","33.00","|"
"Τότεναμ","Άιντραχτ Φρανκφούρτης","Europa League","Παίκτης","Να","Σκοράρει","Το","1ο","Γκολ",":","Igor Matanović","7.40","|","Hugo Ekitike","7.40","|","Michy Batshuayi","9.75","|","Can Yilmaz Uzun","9.75","|","Jean-Matteo Bahoya","9.75","|","Sepe Elye Wahi","9.75","|","Eric Junior Dina Ebimbe","11.50","|","Ansgar Knauff","14.50","|","Mario Gotze","16.50","|","Fares Chaibi","18.50","|","Nnamdi Collins","18.50","|","Nathaniel Brown","20.00","|","Oscar Winther Højlund","20.00","|","Niels Nkounkou","22.00","|","Hugo Larsson","25.00","|","Noah Fenyo","28.00","|","Rasmus Kristensen","33.00","|","Ellyes Skhiri","33.00","|","Mahmoud Dahoud","33.00","|","Timothy Chandler","33.00","|","Aurele Amenda","40.00","|","Robin Koch","40.00","|","Theate Arthur","40.00","|"
"Τότεναμ","Άιντραχτ Φρανκφούρτης","Europa League","Παίκτης","Να","Σκοράρει","Το","1ο","Γκολ",":"
"Τότεναμ","Άιντραχτ Φρανκφούρτης","Europa League","Να","Σκοράρει","2","ή","Περισσότερα","Γκολ",":","Dominic Solanke 2 ή περισσότερα","9.00","|","Richarlison 2 ή περισσότερα","12.00","|","Son Heung-Min 2 ή περισσότερα","12.00","|","Mathys Henri Tel 2 ή περισσότερα","13.00","|","Scarlett Dane 2 ή περισσότερα","13.00","|","Igor Matanović 2 ή περισσότερα","15.00","|","Hugo Ekitike 2 ή περισσότερα","15.00","|","Brennan Johnson 2 ή περισσότερα","15.00","|","Timo Werner 2 ή περισσότερα","17.00","|","Wilson Odobert 2 ή περισσότερα","21.00","|","James Maddison 2 ή περισσότερα","23.00","|","Mikey Moore 2 ή περισσότερα","26.00","|","Michy Batshuayi 2 ή περισσότερα","26.00","|","Jean-Matteo Bahoya 2 ή περισσότερα","26.00","|","Can Yilmaz Uzun 2 ή περισσότερα","26.00","|","Sepe Elye Wahi 2 ή περισσότερα","26.00","|","Eric Junior Dina Ebimbe 2 ή περισσότερα","34.00","|","Ansgar Knauff 2 ή περισσότερα","50.00","|","Yves Bissouma 2 ή περισσότερα","65.00","|","Lucas Bergvall 2 ή περισσότερα","65.00","|","Mario Gotze 2 ή περισσότερα","65.00","|","Nnamdi Collins 2 ή περισσότερα","80.00","|","Fares Chaibi 2 ή περισσότερα","80.00","|","Cristian Romero 2 ή περισσότερα","100.00","|","Hugo Larsson 2 ή περισσότερα","100.00","|","Kevin Danso 2 ή περισσότερα","100.00","|","Niels Nkounkou 2 ή περισσότερα","100.00","|","Oscar Winther Højlund 2 ή περισσότερα","100.00","|","Rodrigo Bentancur 2 ή περισσότερα","100.00","|","Archie Gray 2 ή περισσότερα","100.00","|","Djed Spence 2 ή περισσότερα","100.00","|","Destiny Udogie 2 ή περισσότερα","100.00","|","Nathaniel Brown 2 ή περισσότερα","100.00","|","Noah Fenyo 2 ή περισσότερα","100.00","|","Porro Pedro 2 ή περισσότερα","100.00","|","Sergio Reguilon 2 ή περισσότερα","100.00","|","Pape Matar Sarr 2 ή περισσότερα","100.00","|","Ben Davies 2 ή περισσότερα","125.00","|","Mahmoud Dahoud 2 ή περισσότερα","125.00","|","Rasmus Kristensen 2 ή περισσότερα","125.00","|","Ellyes Skhiri 2 ή περισσότερα","125.00","|","Micky Van de Ven 2 ή περισσότερα","125.00","|","Timothy Chandler 2 ή περισσότερα","125.00","|","Theate Arthur 2 ή περισσότερα","150.00","|","Robin Koch 2 ή περισσότερα","150.00","|","Aurele Amenda 2 ή περισσότερα","150.00","|"
"Τότεναμ","Άιντραχτ Φρανκφούρτης","Europa League","Να","Σκοράρει","3","ή","Περισσότερα","Γκολ",":","Dominic Solanke 3 ή περισσότερα","41.00","|","Son Heung-Min 3 ή περισσότερα","50.00","|","Richarlison 3 ή περισσότερα","50.00","|","Scarlett Dane 3 ή περισσότερα","65.00","|","Mathys Henri Tel 3 ή περισσότερα","65.00","|","Brennan Johnson 3 ή περισσότερα","80.00","|","Igor Matanović 3 ή περισσότερα","80.00","|","Hugo Ekitike 3 ή περισσότερα","80.00","|","Timo Werner 3 ή περισσότερα","100.00","|","James Maddison 3 ή περισσότερα","100.00","|","Sepe Elye Wahi 3 ή περισσότερα","100.00","|","Michy Batshuayi 3 ή περισσότερα","100.00","|","Wilson Odobert 3 ή περισσότερα","100.00","|","Can Yilmaz Uzun 3 ή περισσότερα","100.00","|","Jean-Matteo Bahoya 3 ή περισσότερα","100.00","|","Mikey Moore 3 ή περισσότερα","100.00","|","Eric Junior Dina Ebimbe 3 ή περισσότερα","125.00","|","Ansgar Knauff 3 ή περισσότερα","150.00","|","Lucas Bergvall 3 ή περισσότερα","200.00","|","Yves Bissouma 3 ή περισσότερα","200.00","|","Mario Gotze 3 ή περισσότερα","200.00","|","Nnamdi Collins 3 ή περισσότερα","250.00","|","Fares Chaibi 3 ή περισσότερα","250.00","|","Oscar Winther Højlund 3 ή περισσότερα","300.00","|","Porro Pedro 3 ή περισσότερα","300.00","|","Nathaniel Brown 3 ή περισσότερα","300.00","|","Pape Matar Sarr 3 ή περισσότερα","300.00","|","Rodrigo Bentancur 3 ή περισσότερα","300.00","|","Niels Nkounkou 3 ή περισσότερα","400.00","|","Cristian Romero 3 ή περισσότερα","500.00","|","Hugo Larsson 3 ή περισσότερα","500.00","|","Kevin Danso 3 ή περισσότερα","500.00","|","Micky Van de Ven 3 ή περισσότερα","500.00","|","Ellyes Skhiri 3 ή περισσότερα","500.00","|","Sergio Reguilon 3 ή περισσότερα","500.00","|","Timothy Chandler 3 ή περισσότερα","500.00","|","Aurele Amenda 3 ή περισσότερα","500.00","|","Archie Gray 3 ή περισσότερα","500.00","|","Djed Spence 3 ή περισσότερα","500.00","|","Destiny Udogie 3 ή περισσότερα","500.00","|","Noah Fenyo 3 ή περισσότερα","500.00","|","Mahmoud Dahoud 3 ή περισσότερα","500.00","|","Ben Davies 3 ή περισσότερα","500.00","|","Rasmus Kristensen 3 ή περισσότερα","500.00","|","Robin Koch 3 ή περισσότερα","500.00","|","Theate Arthur 3 ή περισσότερα","500.00","|"
